case_id,family_id,family,room,corpora,quality_partitions,actor_ids,roles,historical_source_partition,reference_class,complete_reference,overlap,utterances,reference_words,scheduled_duration_s,prepared_frames,sample_rate_hz,channels,prepared_format,raw_format,capture_id,capture_minus_source_offset_samples,O0_sha256,O1_sha256,O0_gain_already_applied,O1_gain_already_applied,runtime_gain,original_normalized_transcripts,activity_reference,exact_word_timing,exact_phonetic_timing,punctuation_reference,metric_limitations,screen_48
S45_01_01,F01,Isolated speech and source-level controls,Arise Floor 2 Kitchen,"[""Common Voice""]","[""self_reported_60plus_real_recording""]","[""CV_0ec4d6799c8c83a9a047""]","[""target_or_conversation""]",development,complete_nonoverlap,True,False,3,38,45,715127,16000,1,PCM_16,PCM_24,canonical_20260909T044122_18b754,2705,0ee26e8aa6f815d8b202419aafb71ff5bc25093d193e95e972036f488c5040b8,1cd00d12636194450157e6f1f5ef0d76e73a35a5523aca870d0fe31af22ba307,1.4125375446227544,1.0,1.0,LOCAL_FULL_AUDIT,estimated 20ms grid; preserved source and mapping provenance,UNAVAILABLE,UNAVAILABLE,original source text only; not independent conversational gold,lexical scoring supported; timing/activity approximate,False
S45_01_02,F01,Isolated speech and source-level controls,Arise Floor 2 Kitchen,"[""Common Voice""]","[""self_reported_60plus_real_recording""]","[""CV_0ec4d6799c8c83a9a047""]","[""target_or_conversation""]",development,complete_nonoverlap,True,False,3,38,45,715127,16000,1,PCM_16,PCM_24,canonical_20260909T043440_522da5,2705,82e8eccddd0d8a127ad773c9ea12daf382e4fae0bd3045b6bc6be3244f821774,b9c5415dce3724a14fee7290d6f6eafccc47a48658465772d5d0ec21435fa4e4,1.4125375446227544,1.0,1.0,LOCAL_FULL_AUDIT,estimated 20ms grid; preserved source and mapping provenance,UNAVAILABLE,UNAVAILABLE,original source text only; not independent conversational gold,lexical scoring supported; timing/activity approximate,False
S45_01_03,F01,Isolated speech and source-level controls,Arise Floor 2 Kitchen,"[""Common Voice""]","[""self_reported_60plus_real_recording""]","[""CV_0ec4d6799c8c83a9a047""]","[""target_or_conversation""]",development,complete_nonoverlap,True,False,3,38,45,715127,16000,1,PCM_16,PCM_24,canonical_20260909T043440_522da5,2705,ca02b072df73d5181ddae0eda0df7150f5face1f368f2d9987863371f63f8471,7b6b2e6298e8a709164b49727a0ec2f076ec4f84c879f3064d4aa489ebce47aa,1.4125375446227544,1.0,1.0,LOCAL_FULL_AUDIT,estimated 20ms grid; preserved source and mapping provenance,UNAVAILABLE,UNAVAILABLE,original source text only; not independent conversational gold,lexical scoring supported; timing/activity approximate,False
S45_01_04,F01,Isolated speech and source-level controls,Library Conference Room,"[""HiFiTTS""]","[""other""]","[""HIFITTS_11614""]","[""target_or_conversation""]",development,complete_nonoverlap,True,False,3,32,45,715127,16000,1,PCM_16,PCM_24,canonical_20260909T044122_18b754,2705,b62a9af84ec19fc9bb6aba66026d97feb357d1f549eab5459dd53a743266e004,db418ef0d0e79a59a1d29af6a38ab947da8318519eb093caee0b5e903fdeb3af,1.4125375446227544,1.0,1.0,LOCAL_FULL_AUDIT,estimated 20ms grid; preserved source and mapping provenance,UNAVAILABLE,UNAVAILABLE,original source text only; not independent conversational gold,lexical scoring supported; timing/activity approximate,True
S45_01_05,F01,Isolated speech and source-level controls,Library Conference Room,"[""HiFiTTS""]","[""other""]","[""HIFITTS_11614""]","[""target_or_conversation""]",development,complete_nonoverlap,True,False,3,32,45,715127,16000,1,PCM_16,PCM_24,canonical_20260909T043440_522da5,2705,09221e2c0caa1fa2275dc7a8d84c0124f82c44e770b84b5e684eb81b999c8901,e30746c0f91871deef35efca6acf6b352c27be136fca04ff845fabab9cb07b55,1.4125375446227544,1.0,1.0,LOCAL_FULL_AUDIT,estimated 20ms grid; preserved source and mapping provenance,UNAVAILABLE,UNAVAILABLE,original source text only; not independent conversational gold,lexical scoring supported; timing/activity approximate,False
S45_01_06,F01,Isolated speech and source-level controls,Library Conference Room,"[""HiFiTTS""]","[""other""]","[""HIFITTS_11614""]","[""target_or_conversation""]",development,complete_nonoverlap,True,False,3,32,45,715127,16000,1,PCM_16,PCM_24,canonical_20260909T043440_522da5,2705,0fbce1b22131b14d3f5fc2ae2cd2c0c30deb3418df0f1d7ffe462eb5b5b68887,116f33242a83a8e77584602043e395635c4f41e195b77ea1a1d5d9eba431fb5b,1.4125375446227544,1.0,1.0,LOCAL_FULL_AUDIT,estimated 20ms grid; preserved source and mapping provenance,UNAVAILABLE,UNAVAILABLE,original source text only; not independent conversational gold,lexical scoring supported; timing/activity approximate,False
S45_01_07,F01,Isolated speech and source-level controls,Arise Kitchen Main Table,"[""CMU ARCTIC""]","[""studio_project_design""]","[""CMU_ARCTIC_aew""]","[""target_or_conversation""]",development,complete_nonoverlap,True,False,3,25,45,715127,16000,1,PCM_16,PCM_24,canonical_20260909T044122_18b754,2705,8a8080c327d5bf70ef0e7616a36befe995eff6bbdfbdb32b74332569c70dcc31,61169f9875d8d4df967348239a88c1f9f4134f0528f6f5c1289401a1566e020e,1.4125375446227544,1.0,1.0,LOCAL_FULL_AUDIT,estimated 20ms grid; preserved source and mapping provenance,UNAVAILABLE,UNAVAILABLE,original source text only; not independent conversational gold,lexical scoring supported; timing/activity approximate,True
S45_01_08,F01,Isolated speech and source-level controls,Arise Kitchen Main Table,"[""CMU ARCTIC""]","[""studio_project_design""]","[""CMU_ARCTIC_aew""]","[""target_or_conversation""]",development,complete_nonoverlap,True,False,3,25,45,715127,16000,1,PCM_16,PCM_24,canonical_20260909T043440_522da5,2705,e03e008dde883340939db6b373098fbb8c5d9bd96fc4191b9528719621e59201,57abb53d1b961d8210ccacb59f429cebe2049cb60041172775be1c01c7bdf102,1.4125375446227544,1.0,1.0,LOCAL_FULL_AUDIT,estimated 20ms grid; preserved source and mapping provenance,UNAVAILABLE,UNAVAILABLE,original source text only; not independent conversational gold,lexical scoring supported; timing/activity approximate,False
S45_01_09,F01,Isolated speech and source-level controls,Arise Kitchen Main Table,"[""CMU ARCTIC""]","[""studio_project_design""]","[""CMU_ARCTIC_aew""]","[""target_or_conversation""]",development,complete_nonoverlap,True,False,3,25,45,715127,16000,1,PCM_16,PCM_24,canonical_20260909T043440_522da5,2705,9a7d2df2e11648fbcc93ae91499782429fe38e10605f08077918cbb662d76850,d05bc4401ace9659b3039928e98050e50e8a4e84cc41332847a3564235dfa4ae,1.4125375446227544,1.0,1.0,LOCAL_FULL_AUDIT,estimated 20ms grid; preserved source and mapping provenance,UNAVAILABLE,UNAVAILABLE,original source text only; not independent conversational gold,lexical scoring supported; timing/activity approximate,False
S45_01_10,F01,Isolated speech and source-level controls,Arise 5th floor low table,"[""Common Voice""]","[""self_reported_60plus_real_recording""]","[""CV_2abbf1ec09fa0aeb6d9b""]","[""target_or_conversation""]",development,complete_nonoverlap,True,False,3,32,45,715127,16000,1,PCM_16,PCM_24,canonical_20260909T044122_18b754,2705,40392580a786b9d91c4bc84362fd36176ddc3bcebdf23918f888809d895c5d91,a88c7ebe0e5c5e6bde40dcdf6173ffc6b44e90f665ffc306786dae618fe51280,1.4125375446227544,1.0,1.0,LOCAL_FULL_AUDIT,estimated 20ms grid; preserved source and mapping provenance,UNAVAILABLE,UNAVAILABLE,original source text only; not independent conversational gold,lexical scoring supported; timing/activity approximate,False
S45_01_11,F01,Isolated speech and source-level controls,Arise 5th floor low table,"[""Common Voice""]","[""self_reported_60plus_real_recording""]","[""CV_2abbf1ec09fa0aeb6d9b""]","[""target_or_conversation""]",development,complete_nonoverlap,True,False,3,32,45,715127,16000,1,PCM_16,PCM_24,canonical_20260909T044122_18b754,2705,b9035735b5f82963528d3cebd2c7b2c95705ac509f3f4c9386b505f9c27f827f,a80b395c140d5dbc8e50b16475fdbae618a49db95267be3d464eb59a40af54b6,1.4125375446227544,1.0,1.0,LOCAL_FULL_AUDIT,estimated 20ms grid; preserved source and mapping provenance,UNAVAILABLE,UNAVAILABLE,original source text only; not independent conversational gold,lexical scoring supported; timing/activity approximate,False
S45_01_12,F01,Isolated speech and source-level controls,Arise 5th floor low table,"[""Common Voice""]","[""self_reported_60plus_real_recording""]","[""CV_2abbf1ec09fa0aeb6d9b""]","[""target_or_conversation""]",development,complete_nonoverlap,True,False,3,32,45,715127,16000,1,PCM_16,PCM_24,canonical_20260909T044122_18b754,2705,e1c60371291202f02bdfd988c2f63b9462f11cd7de73c0a106c4b1699adeff63,3a14e9865de05bd726bfd1464983bf724b9d4b381f16b6677e530f044093e3d6,1.4125375446227544,1.0,1.0,LOCAL_FULL_AUDIT,estimated 20ms grid; preserved source and mapping provenance,UNAVAILABLE,UNAVAILABLE,original source text only; not independent conversational gold,lexical scoring supported; timing/activity approximate,False
S45_01_13,F01,Isolated speech and source-level controls,Arise Kitchen Main Table,"[""HiFiTTS""]","[""other""]","[""HIFITTS_11697""]","[""target_or_conversation""]",development,complete_nonoverlap,True,False,3,30,45,715127,16000,1,PCM_16,PCM_24,canonical_20260909T044122_18b754,2705,a94d2d4361009706caa199bd3449bc0894aed31dec508847afbfc0298e9f28b8,c00efd36a10512bd2ac99880a2ffde6779db3cc5875ae94b56452b02518593ed,1.4125375446227544,1.0,1.0,LOCAL_FULL_AUDIT,estimated 20ms grid; preserved source and mapping provenance,UNAVAILABLE,UNAVAILABLE,original source text only; not independent conversational gold,lexical scoring supported; timing/activity approximate,False
S45_01_14,F01,Isolated speech and source-level controls,Arise Kitchen Main Table,"[""HiFiTTS""]","[""other""]","[""HIFITTS_11697""]","[""target_or_conversation""]",development,complete_nonoverlap,True,False,3,30,45,715127,16000,1,PCM_16,PCM_24,canonical_20260909T044122_18b754,2705,bdc40c285728061411c3a4b53d1c8cab4764bf5dd97bdc097bf776ced2da901f,25b9c62237260342ec966c4c9afeb8e0932517cbd45e0e181c3134d9cdaa1532,1.4125375446227544,1.0,1.0,LOCAL_FULL_AUDIT,estimated 20ms grid; preserved source and mapping provenance,UNAVAILABLE,UNAVAILABLE,original source text only; not independent conversational gold,lexical scoring supported; timing/activity approximate,False
S45_01_15,F01,Isolated speech and source-level controls,Arise Kitchen Main Table,"[""HiFiTTS""]","[""other""]","[""HIFITTS_11697""]","[""target_or_conversation""]",development,complete_nonoverlap,True,False,3,30,45,715127,16000,1,PCM_16,PCM_24,canonical_20260909T044122_18b754,2705,bf5e5e441fe770a4e4f045e24dc8a3a5f0b1ba1571a33d8ce5588fd0740631db,358f7ca8cb9614cb151d325d8060b1cc63569ab7b95da6d561472a9c5a4f08a6,1.4125375446227544,1.0,1.0,LOCAL_FULL_AUDIT,estimated 20ms grid; preserved source and mapping provenance,UNAVAILABLE,UNAVAILABLE,original source text only; not independent conversational gold,lexical scoring supported; timing/activity approximate,False
S45_01_16,F01,Isolated speech and source-level controls,Arise Floor 2 Kitchen,"[""Common Voice""]","[""self_reported_60plus_real_recording""]","[""CV_6b5e3c9ca9030b7da6be""]","[""target_or_conversation""]",downstream_reserve,complete_nonoverlap,True,False,3,28,45,715127,16000,1,PCM_16,PCM_24,canonical_20260909T044122_18b754,2705,28998833fde4a079dbd5ba140c276d7a160ac9ca5be0dead7493084d31365ac8,3a098bee7f44119888cf56ea44dd38cbb41da65f6beddfc98643b5e281d0a396,1.4125375446227544,1.0,1.0,LOCAL_FULL_AUDIT,estimated 20ms grid; preserved source and mapping provenance,UNAVAILABLE,UNAVAILABLE,original source text only; not independent conversational gold,lexical scoring supported; timing/activity approximate,True
S45_01_17,F01,Isolated speech and source-level controls,Arise Kitchen Main Table,"[""HiFiTTS""]","[""other""]","[""HIFITTS_8051""]","[""target_or_conversation""]",downstream_reserve,complete_nonoverlap,True,False,3,26,45,715127,16000,1,PCM_16,PCM_24,canonical_20260909T044122_18b754,2705,7eba907e77a9ddb23c77f5d83d3d6b580579f6dde36c1183e1e4d024870563c7,6875dee5b0e3494128c981d8b9a1ccc2952cd1b3d9064990049b9a31c7aa2d05,1.4125375446227544,1.0,1.0,LOCAL_FULL_AUDIT,estimated 20ms grid; preserved source and mapping provenance,UNAVAILABLE,UNAVAILABLE,original source text only; not independent conversational gold,lexical scoring supported; timing/activity approximate,False
S45_01_18,F01,Isolated speech and source-level controls,Upper Loeb,"[""CMU ARCTIC""]","[""studio_project_design""]","[""CMU_ARCTIC_ahw""]","[""target_or_conversation""]",development,complete_nonoverlap,True,False,3,27,45,715127,16000,1,PCM_16,PCM_24,canonical_20260909T044122_18b754,2705,bd5dc29d3da1fcf2a382c6b32448efdca00ea0f8f893e2d541cca166ae610d79,4730c73487592b5eb33b0025e9aba5cfbdca1763188ce7dd0fa7b9fd93d7f5ee,1.4125375446227544,1.0,1.0,LOCAL_FULL_AUDIT,estimated 20ms grid; preserved source and mapping provenance,UNAVAILABLE,UNAVAILABLE,original source text only; not independent conversational gold,lexical scoring supported; timing/activity approximate,False
S45_01_19,F01,Isolated speech and source-level controls,Upper Loeb,"[""Common Voice""]","[""self_reported_60plus_real_recording""]","[""CV_3b33694cdeb42c66d688""]","[""target_or_conversation""]",development,complete_nonoverlap,True,False,3,30,45,715127,16000,1,PCM_16,PCM_24,canonical_20260909T044122_18b754,2705,5806048aec225d2fdb523053b0cff46cc084637a187a55b157c0a9f113279ae0,de376b744806315e0da2be9c0e9f655ddbcf9d21166310aa9785871e00bf373e,1.4125375446227544,1.0,1.0,LOCAL_FULL_AUDIT,estimated 20ms grid; preserved source and mapping provenance,UNAVAILABLE,UNAVAILABLE,original source text only; not independent conversational gold,lexical scoring supported; timing/activity approximate,False
S45_01_20,F01,Isolated speech and source-level controls,Upper Loeb,"[""HiFiTTS""]","[""clean""]","[""HIFITTS_9017""]","[""target_or_conversation""]",downstream_reserve,complete_nonoverlap,True,False,3,33,45,715127,16000,1,PCM_16,PCM_24,canonical_20260909T044122_18b754,2705,f08969906c52bc8b3642c0a7ce8005e36f35360917211fab0c806151838b65c7,21192710164a2e833ead1505059e2ee12d02b83d1c62067ec418b03d66cffd49,1.4125375446227544,1.0,1.0,LOCAL_FULL_AUDIT,estimated 20ms grid; preserved source and mapping provenance,UNAVAILABLE,UNAVAILABLE,original source text only; not independent conversational gold,lexical scoring supported; timing/activity approximate,True
S45_02_01,F02,Returns and three-person sequential turns,Arise Kitchen Main Table,"[""HiFiTTS""]","[""clean"", ""other""]","[""HIFITTS_12787"", ""HIFITTS_6097""]","[""target_or_conversation""]",development,complete_nonoverlap,True,False,3,45,45,715127,16000,1,PCM_16,PCM_24,canonical_20260909T044122_18b754,2705,92c4d8f2cca86ef4d47e4d22721b6ef85f28ba0d1a67340cf663b50e0d3961d2,8e0906e0fe398c16a7fcb2ec2f8154ea180486863ee03ae56ea81fd6ba1cc658,1.4125375446227544,1.0,1.0,LOCAL_FULL_AUDIT,estimated 20ms grid; preserved source and mapping provenance,UNAVAILABLE,UNAVAILABLE,original source text only; not independent conversational gold,lexical scoring supported; timing/activity approximate,False
S45_02_02,F02,Returns and three-person sequential turns,Arise Kitchen Main Table,"[""CMU ARCTIC""]","[""studio_project_design""]","[""CMU_ARCTIC_aup"", ""CMU_ARCTIC_bdl"", ""CMU_ARCTIC_clb""]","[""target_or_conversation""]",development,complete_nonoverlap,True,False,4,40,45,715127,16000,1,PCM_16,PCM_24,canonical_20260909T044122_18b754,2705,4ffddd7c4907a17589dec34eafdbfddf34aa667749716f38f2b626dd059df70f,1b70ef7998d54c49876ba50c468ff6535b23c051e690f2c40f040096528d6edd,1.4125375446227544,1.0,1.0,LOCAL_FULL_AUDIT,estimated 20ms grid; preserved source and mapping provenance,UNAVAILABLE,UNAVAILABLE,original source text only; not independent conversational gold,lexical scoring supported; timing/activity approximate,False
S45_02_03,F02,Returns and three-person sequential turns,Library Conference Room,"[""Common Voice""]","[""self_reported_60plus_real_recording""]","[""CV_5bb2ca9b27ebe4cea0b5"", ""CV_6780c1e3d0bfe13078f7""]","[""target_or_conversation""]",development,complete_nonoverlap,True,False,3,29,45,715127,16000,1,PCM_16,PCM_24,canonical_20260909T044122_18b754,2705,ffe9baf748d65c19021b6e399ad57ae8d9609ad3a95694ca8153ba3485e2442a,669bbb1ee991c0cfdcb0f248ed713a6a787658be94cb46a2e546a8053f58448b,1.4125375446227544,1.0,1.0,LOCAL_FULL_AUDIT,estimated 20ms grid; preserved source and mapping provenance,UNAVAILABLE,UNAVAILABLE,original source text only; not independent conversational gold,lexical scoring supported; timing/activity approximate,False
S45_02_04,F02,Returns and three-person sequential turns,Arise 5th floor low table,"[""HiFiTTS""]","[""other""]","[""HIFITTS_6670"", ""HIFITTS_6671"", ""HIFITTS_9136""]","[""target_or_conversation""]",development,complete_nonoverlap,True,False,4,44,45,715127,16000,1,PCM_16,PCM_24,canonical_20260909T044122_18b754,2705,b85c9af0d1b7843625d474e88674b2c39bc007e0873298f7f43bf72c193a1a1e,be58166b6823c4bffb05f51d15061e4977dd16be0505e948b98c9af0085d619d,1.4125375446227544,1.0,1.0,LOCAL_FULL_AUDIT,estimated 20ms grid; preserved source and mapping provenance,UNAVAILABLE,UNAVAILABLE,original source text only; not independent conversational gold,lexical scoring supported; timing/activity approximate,False
S45_02_05,F02,Returns and three-person sequential turns,Arise Floor 2 Kitchen,"[""CMU ARCTIC""]","[""studio_project_design""]","[""CMU_ARCTIC_eey"", ""CMU_ARCTIC_fem""]","[""target_or_conversation""]",development,complete_nonoverlap,True,False,3,24,45,715127,16000,1,PCM_16,PCM_24,canonical_20260909T044122_18b754,2705,e4e51aae7813f123d99cfa7758bbbe59ae1e9c09803c6ce2df4cc1211963988a,c49a386c9f234dbb9d5dd4dc0a2356702361e5bd7528ce2bea2c0b940bd9350b,1.4125375446227544,1.0,1.0,LOCAL_FULL_AUDIT,estimated 20ms grid; preserved source and mapping provenance,UNAVAILABLE,UNAVAILABLE,original source text only; not independent conversational gold,lexical scoring supported; timing/activity approximate,False
S45_02_06,F02,Returns and three-person sequential turns,Arise Kitchen Main Table,"[""Common Voice""]","[""self_reported_60plus_real_recording""]","[""CV_8c9d6f14b797c3ffeb85"", ""CV_bc25d4fe155478871b18"", ""CV_c86d546169ef5ac0dbe9""]","[""target_or_conversation""]",development,complete_nonoverlap,True,False,4,34,45,715127,16000,1,PCM_16,PCM_24,canonical_20260909T044122_18b754,2705,998383295aeb4792c40ba4bc7a57e5cafcf953ee4665923d79fc7fed12d7c4cf,aeb3d96f0a7e537af410d735faa281653de7e37bdc8f579b203d6b0bbee38ada,1.4125375446227544,1.0,1.0,LOCAL_FULL_AUDIT,estimated 20ms grid; preserved source and mapping provenance,UNAVAILABLE,UNAVAILABLE,original source text only; not independent conversational gold,lexical scoring supported; timing/activity approximate,False
S45_02_07,F02,Returns and three-person sequential turns,Arise Kitchen Main Table,"[""HiFiTTS""]","[""clean"", ""other""]","[""HIFITTS_11614"", ""HIFITTS_92""]","[""target_or_conversation""]",development,complete_nonoverlap,True,False,3,24,45,715127,16000,1,PCM_16,PCM_24,canonical_20260909T044122_18b754,2705,15550d3bfd5d46054b3408af7ebfcbb4b912ae6ba90850508c0a793009c33869,dfa0eb8592370dca08810d39b0bfedf5bf50da79dd2ef02a705672b4403e9aee,1.4125375446227544,1.0,1.0,LOCAL_FULL_AUDIT,estimated 20ms grid; preserved source and mapping provenance,UNAVAILABLE,UNAVAILABLE,original source text only; not independent conversational gold,lexical scoring supported; timing/activity approximate,False
S45_02_08,F02,Returns and three-person sequential turns,Library Conference Room,"[""CMU ARCTIC""]","[""studio_project_design""]","[""CMU_ARCTIC_gka"", ""CMU_ARCTIC_jmk"", ""CMU_ARCTIC_ksp""]","[""target_or_conversation""]",development,complete_nonoverlap,True,False,4,45,45,715127,16000,1,PCM_16,PCM_24,canonical_20260909T044122_18b754,2705,838032ef24eac27b082740aef95498ae7267d27bd92cf607d1cf52353206c935,3d4654d0dc177d70373b86db48f9a516ace4f58cb7819196a5127bebf2e9cae8,1.4125375446227544,1.0,1.0,LOCAL_FULL_AUDIT,estimated 20ms grid; preserved source and mapping provenance,UNAVAILABLE,UNAVAILABLE,original source text only; not independent conversational gold,lexical scoring supported; timing/activity approximate,True
S45_02_09,F02,Returns and three-person sequential turns,Arise 5th floor low table,"[""Common Voice""]","[""self_reported_60plus_real_recording""]","[""CV_d3c1e11354306288eba3"", ""CV_da7630c05ea3de5a8b18""]","[""target_or_conversation""]",development,complete_nonoverlap,True,False,3,25,45,715127,16000,1,PCM_16,PCM_24,canonical_20260909T044122_18b754,2705,54e71498e63ab4cac154c69407541780402fbf698ffa978f89081e511b0b86a6,1918acda07c6f21dae6c5a1f12cf9ecaa4e8e37f9a2cb9697791b557c6107540,1.4125375446227544,1.0,1.0,LOCAL_FULL_AUDIT,estimated 20ms grid; preserved source and mapping provenance,UNAVAILABLE,UNAVAILABLE,original source text only; not independent conversational gold,lexical scoring supported; timing/activity approximate,False
S45_02_10,F02,Returns and three-person sequential turns,Arise Floor 2 Kitchen,"[""HiFiTTS""]","[""clean"", ""other""]","[""HIFITTS_11697"", ""HIFITTS_12787"", ""HIFITTS_6097""]","[""target_or_conversation""]",development,complete_nonoverlap,True,False,4,36,45,715127,16000,1,PCM_16,PCM_24,canonical_20260909T044122_18b754,2705,12fc1ab3705be85d110e32b16c5ce8d2ca7ee08eaa541e7a0012552b5442472f,1cfa205a9f0e99ab3b04bcd0a40f0ea1aefcbafcead68ddc179f25f396731461,1.4125375446227544,1.0,1.0,LOCAL_FULL_AUDIT,estimated 20ms grid; preserved source and mapping provenance,UNAVAILABLE,UNAVAILABLE,original source text only; not independent conversational gold,lexical scoring supported; timing/activity approximate,False
S45_02_11,F02,Returns and three-person sequential turns,Arise Kitchen Main Table,"[""CMU ARCTIC""]","[""studio_project_design""]","[""CMU_ARCTIC_ljm"", ""CMU_ARCTIC_lnh""]","[""target_or_conversation""]",development,complete_nonoverlap,True,False,3,29,45,715127,16000,1,PCM_16,PCM_24,canonical_20260909T044122_18b754,2705,65fef564325f960b693a03ce89140d63b1b438d29bd615290ef12235607d66f8,c4ced336189970f42332684e2def9ee0e005519ec05b2077cb96c13d7c7123eb,1.4125375446227544,1.0,1.0,LOCAL_FULL_AUDIT,estimated 20ms grid; preserved source and mapping provenance,UNAVAILABLE,UNAVAILABLE,original source text only; not independent conversational gold,lexical scoring supported; timing/activity approximate,False
S45_02_12,F02,Returns and three-person sequential turns,Arise Kitchen Main Table,"[""Common Voice""]","[""self_reported_60plus_real_recording""]","[""CV_0ec4d6799c8c83a9a047"", ""CV_e2570918d433fe70613d"", ""CV_f82fc5dd15117edcfe9a""]","[""target_or_conversation""]",development,complete_nonoverlap,True,False,4,35,45,715127,16000,1,PCM_16,PCM_24,canonical_20260909T044122_18b754,2705,6e0375cc57572ee14649a95eb7db1edf87562442b16a8e9b8963abd69875d550,d2288a9fd29c677771254039172012f5007e36efdc6bc41683a0699b193bf7d4,1.4125375446227544,1.0,1.0,LOCAL_FULL_AUDIT,estimated 20ms grid; preserved source and mapping provenance,UNAVAILABLE,UNAVAILABLE,original source text only; not independent conversational gold,lexical scoring supported; timing/activity approximate,False
S45_02_13,F02,Returns and three-person sequential turns,Library Conference Room,"[""HiFiTTS""]","[""other""]","[""HIFITTS_6670"", ""HIFITTS_6671""]","[""target_or_conversation""]",development,complete_nonoverlap,True,False,3,27,45,715127,16000,1,PCM_16,PCM_24,canonical_20260909T044122_18b754,2705,96c8470742b5b9850b194481f705c356b5b307f48a0913fcaed0d7c5516b351d,3211fa719b0c2a6a59cfc5a41a6bb5d65723dc86f005a7cea8df4a140aa5db64,1.4125375446227544,1.0,1.0,LOCAL_FULL_AUDIT,estimated 20ms grid; preserved source and mapping provenance,UNAVAILABLE,UNAVAILABLE,original source text only; not independent conversational gold,lexical scoring supported; timing/activity approximate,False
S45_02_14,F02,Returns and three-person sequential turns,Arise 5th floor low table,"[""CMU ARCTIC""]","[""studio_project_design""]","[""CMU_ARCTIC_aew"", ""CMU_ARCTIC_rms"", ""CMU_ARCTIC_slp""]","[""target_or_conversation""]",development,complete_nonoverlap,True,False,4,38,45,715127,16000,1,PCM_16,PCM_24,canonical_20260909T044122_18b754,2705,2f08f0f4576ea6fdade30dcd8f9606e521733130a51c7e4fe0cccccaa200d6e4,d07d3ba361f9b6da64c44595b5aba04bf241688ff83ad6de9b110c6d546cff0d,1.4125375446227544,1.0,1.0,LOCAL_FULL_AUDIT,estimated 20ms grid; preserved source and mapping provenance,UNAVAILABLE,UNAVAILABLE,original source text only; not independent conversational gold,lexical scoring supported; timing/activity approximate,True
S45_02_15,F02,Returns and three-person sequential turns,Arise Floor 2 Kitchen,"[""Common Voice""]","[""self_reported_60plus_real_recording""]","[""CV_2abbf1ec09fa0aeb6d9b"", ""CV_3b33694cdeb42c66d688""]","[""target_or_conversation""]",development,complete_nonoverlap,True,False,3,31,45,715127,16000,1,PCM_16,PCM_24,canonical_20260909T044122_18b754,2705,2fd73137c45dcc99b86c8b1105f3595264872f2c9d2eda6b1a56b17c8903bcb6,1665e56bfc2d94a91e4af626d2957a9657d2e0017215ba2e70fefc7976147643,1.4125375446227544,1.0,1.0,LOCAL_FULL_AUDIT,estimated 20ms grid; preserved source and mapping provenance,UNAVAILABLE,UNAVAILABLE,original source text only; not independent conversational gold,lexical scoring supported; timing/activity approximate,False
S45_02_16,F02,Returns and three-person sequential turns,Arise Kitchen Main Table,"[""HiFiTTS""]","[""clean"", ""other""]","[""HIFITTS_8051"", ""HIFITTS_9017""]","[""target_or_conversation""]",downstream_reserve,complete_nonoverlap,True,False,4,40,45,715127,16000,1,PCM_16,PCM_24,canonical_20260909T044122_18b754,2705,912d08651ffb3fd35a20b14399fdf6faac4d08d90426fa1e3d0d31b01b8314c0,ce3e290a7842129d3bbec86d34838b7af8aeb18a668234fc323ada91be14cc42,1.4125375446227544,1.0,1.0,LOCAL_FULL_AUDIT,estimated 20ms grid; preserved source and mapping provenance,UNAVAILABLE,UNAVAILABLE,original source text only; not independent conversational gold,lexical scoring supported; timing/activity approximate,True
S45_02_17,F02,Returns and three-person sequential turns,Arise Kitchen Main Table,"[""CMU ARCTIC""]","[""studio_project_design""]","[""CMU_ARCTIC_awb"", ""CMU_ARCTIC_axb""]","[""target_or_conversation""]",downstream_reserve,complete_nonoverlap,True,False,3,28,45,715127,16000,1,PCM_16,PCM_24,canonical_20260909T044122_18b754,2705,57a5e694db9390254a17207b935a5a396ae8c8a30a4e14d56f77ae52e4a64f47,351c8037976fe44a6ae202094921c1b6c9a42307c4615cc3e8a26bafc22e68b7,1.4125375446227544,1.0,1.0,LOCAL_FULL_AUDIT,estimated 20ms grid; preserved source and mapping provenance,UNAVAILABLE,UNAVAILABLE,original source text only; not independent conversational gold,lexical scoring supported; timing/activity approximate,False
S45_02_18,F02,Returns and three-person sequential turns,Upper Loeb,"[""Common Voice""]","[""self_reported_60plus_real_recording""]","[""CV_5bb2ca9b27ebe4cea0b5"", ""CV_6780c1e3d0bfe13078f7"", ""CV_8c9d6f14b797c3ffeb85""]","[""target_or_conversation""]",development,complete_nonoverlap,True,False,4,26,45,715127,16000,1,PCM_16,PCM_24,canonical_20260909T044122_18b754,2705,19411dc1f5b3347222417a31447a863c44918e2733d87a81065377bd4ff94511,19b06573c665af2b83958d47105e332824c44c6e365b5a8bb9cd27dd0568725e,1.4125375446227544,1.0,1.0,LOCAL_FULL_AUDIT,estimated 20ms grid; preserved source and mapping provenance,UNAVAILABLE,UNAVAILABLE,original source text only; not independent conversational gold,lexical scoring supported; timing/activity approximate,True
S45_02_19,F02,Returns and three-person sequential turns,Upper Loeb,"[""HiFiTTS""]","[""clean"", ""other""]","[""HIFITTS_9136"", ""HIFITTS_92""]","[""target_or_conversation""]",development,complete_nonoverlap,True,False,3,32,45,715127,16000,1,PCM_16,PCM_24,canonical_20260909T044122_18b754,2705,19536123fe8bb02513ed985e9826f56ef10f2758eb50659eba818b678c030211,9205f0c1f09de906602568feea7145d797aec5e67c34d0f8e0d2c74e8f527411,1.4125375446227544,1.0,1.0,LOCAL_FULL_AUDIT,estimated 20ms grid; preserved source and mapping provenance,UNAVAILABLE,UNAVAILABLE,original source text only; not independent conversational gold,lexical scoring supported; timing/activity approximate,False
S45_02_20,F02,Returns and three-person sequential turns,Upper Loeb,"[""CMU ARCTIC""]","[""studio_project_design""]","[""CMU_ARCTIC_awb"", ""CMU_ARCTIC_rxr"", ""CMU_ARCTIC_slt""]","[""target_or_conversation""]",downstream_reserve,complete_nonoverlap,True,False,4,37,45,715127,16000,1,PCM_16,PCM_24,canonical_20260909T044122_18b754,2705,1975d9b5cf9a9af7371463383932953825d4aabe552ff000295952a446d7c41f,4c73d16a47dd4cea8e741253a323234d4634932bbbafc2bf70649876e2f58159,1.4125375446227544,1.0,1.0,LOCAL_FULL_AUDIT,estimated 20ms grid; preserved source and mapping provenance,UNAVAILABLE,UNAVAILABLE,original source text only; not independent conversational gold,lexical scoring supported; timing/activity approximate,False
S45_03_01,F03,Complete short replies and rapid handoffs,Arise Kitchen Main Table,"[""CMU ARCTIC""]","[""studio_project_design""]","[""CMU_ARCTIC_ahw"", ""CMU_ARCTIC_aup""]","[""target_or_conversation""]",development,complete_nonoverlap,True,False,6,22,45,715127,16000,1,PCM_16,PCM_24,canonical_20260909T044122_18b754,321,4e18a939097e4bdd6283921f85765a0d9b5e064fe491aa604d2e6ada33ba52a3,ae9134a29501c15ca72cb4634209a6702c068904137ef5c13e84d82c6cba411d,1.4125375446227544,1.0,1.0,LOCAL_FULL_AUDIT,estimated 20ms grid; preserved source and mapping provenance,UNAVAILABLE,UNAVAILABLE,original source text only; not independent conversational gold,lexical scoring supported; timing/activity approximate,False
S45_03_02,F03,Complete short replies and rapid handoffs,Library Conference Room,"[""Common Voice""]","[""self_reported_60plus_real_recording""]","[""CV_bc25d4fe155478871b18"", ""CV_c86d546169ef5ac0dbe9""]","[""target_or_conversation""]",development,complete_nonoverlap,True,False,6,37,45,715127,16000,1,PCM_16,PCM_24,canonical_20260909T044122_18b754,2705,3eaf3b0e70ba273fc1601d2c19de47e00233b40f670224e06356754dfe4f0050,a67b0c1993a761b088433b6827bc6f914e3788dfaae5d4a2618b62a44b178473,1.4125375446227544,1.0,1.0,LOCAL_FULL_AUDIT,estimated 20ms grid; preserved source and mapping provenance,UNAVAILABLE,UNAVAILABLE,original source text only; not independent conversational gold,lexical scoring supported; timing/activity approximate,True
S45_03_03,F03,Complete short replies and rapid handoffs,Arise 5th floor low table,"[""HiFiTTS""]","[""other""]","[""HIFITTS_11614"", ""HIFITTS_11697""]","[""target_or_conversation""]",development,complete_nonoverlap,True,False,6,10,45,715127,16000,1,PCM_16,PCM_24,canonical_20260909T044122_18b754,2705,c69e22f55c28a8f06dcb26258dddf9accbcb17a34a4968bccc1daae21217f606,8cd39321e9c95a1bb8de32ee6cd47a9961dbb5a179f3493921a2a1686c6f142c,1.4125375446227544,1.0,1.0,LOCAL_FULL_AUDIT,estimated 20ms grid; preserved source and mapping provenance,UNAVAILABLE,UNAVAILABLE,original source text only; not independent conversational gold,lexical scoring supported; timing/activity approximate,False
S45_03_04,F03,Complete short replies and rapid handoffs,Arise Floor 2 Kitchen,"[""CMU ARCTIC""]","[""studio_project_design""]","[""CMU_ARCTIC_bdl"", ""CMU_ARCTIC_clb""]","[""target_or_conversation""]",development,complete_nonoverlap,True,False,6,21,45,715127,16000,1,PCM_16,PCM_24,canonical_20260909T044122_18b754,2705,2b75e95aadebd5067e06264d2d5037090b085972f09e5a1f8fbf3d95a3f712f0,2d1e5b86a524887aca3c07ace5f35d3f64235a3d7f58e6a9ee97f1991b646ee5,1.4125375446227544,1.0,1.0,LOCAL_FULL_AUDIT,estimated 20ms grid; preserved source and mapping provenance,UNAVAILABLE,UNAVAILABLE,original source text only; not independent conversational gold,lexical scoring supported; timing/activity approximate,False
S45_03_05,F03,Complete short replies and rapid handoffs,Arise Kitchen Main Table,"[""Common Voice""]","[""self_reported_60plus_real_recording""]","[""CV_d3c1e11354306288eba3"", ""CV_da7630c05ea3de5a8b18""]","[""target_or_conversation""]",development,complete_nonoverlap,True,False,6,51,45,715127,16000,1,PCM_16,PCM_24,canonical_20260909T044122_18b754,2705,dae98336115e683f0a6549729986c7811b1bbe6c797e791d9810668e5d53cc7e,a07679e3ed62b91fad206fce26e50242f6ed6c129eded38f77104e7a1e8a2bbf,1.4125375446227544,1.0,1.0,LOCAL_FULL_AUDIT,estimated 20ms grid; preserved source and mapping provenance,UNAVAILABLE,UNAVAILABLE,original source text only; not independent conversational gold,lexical scoring supported; timing/activity approximate,False
S45_03_06,F03,Complete short replies and rapid handoffs,Arise Kitchen Main Table,"[""HiFiTTS""]","[""clean"", ""other""]","[""HIFITTS_12787"", ""HIFITTS_6097""]","[""target_or_conversation""]",development,complete_nonoverlap,True,False,6,11,45,715127,16000,1,PCM_16,PCM_24,canonical_20260909T044122_18b754,2705,19630f5777311dd0653732b24c6550f075f8110038ee1c180446664320ccc1d9,dd213716032443066f5c0c4e5216d64193ce55d4277daba0649fe960f00bc5b1,1.4125375446227544,1.0,1.0,LOCAL_FULL_AUDIT,estimated 20ms grid; preserved source and mapping provenance,UNAVAILABLE,UNAVAILABLE,original source text only; not independent conversational gold,lexical scoring supported; timing/activity approximate,False
S45_03_07,F03,Complete short replies and rapid handoffs,Library Conference Room,"[""CMU ARCTIC""]","[""studio_project_design""]","[""CMU_ARCTIC_eey"", ""CMU_ARCTIC_fem""]","[""target_or_conversation""]",development,complete_nonoverlap,True,False,6,25,45,715127,16000,1,PCM_16,PCM_24,canonical_20260909T044122_18b754,2705,9af5f7b651084aa7ab28e0c298cad2fc243b3a227b64b80b2ad23786fd4470c7,52ff2f7758d1ec7148d95f135674dd45cbcd4896d4ae8f64fad7943c91cf50ff,1.4125375446227544,1.0,1.0,LOCAL_FULL_AUDIT,estimated 20ms grid; preserved source and mapping provenance,UNAVAILABLE,UNAVAILABLE,original source text only; not independent conversational gold,lexical scoring supported; timing/activity approximate,False
S45_03_08,F03,Complete short replies and rapid handoffs,Arise 5th floor low table,"[""Common Voice""]","[""self_reported_60plus_real_recording""]","[""CV_e2570918d433fe70613d"", ""CV_f82fc5dd15117edcfe9a""]","[""target_or_conversation""]",development,complete_nonoverlap,True,False,6,38,45,715127,16000,1,PCM_16,PCM_24,canonical_20260909T044122_18b754,2705,067207e32ed0ef613e9dc360d995a48c7beb30358c5f1db23275660681b564f1,ccf2b0a88b555e85e0122bb6efbacdc1abf44fce53044281a6456db66f0122bb,1.4125375446227544,1.0,1.0,LOCAL_FULL_AUDIT,estimated 20ms grid; preserved source and mapping provenance,UNAVAILABLE,UNAVAILABLE,original source text only; not independent conversational gold,lexical scoring supported; timing/activity approximate,False
S45_03_09,F03,Complete short replies and rapid handoffs,Arise Floor 2 Kitchen,"[""HiFiTTS""]","[""other""]","[""HIFITTS_6670"", ""HIFITTS_6671""]","[""target_or_conversation""]",development,complete_nonoverlap,True,False,6,15,45,715127,16000,1,PCM_16,PCM_24,canonical_20260909T044122_18b754,2705,325fc288930740ddce5bb6e2dbece90da406aa7a015934bf8997e90feee5e15b,b3925daba53afe3f7ce5d58c9b6d5ebb258d2551eb16710f35c3533946270e1c,1.4125375446227544,1.0,1.0,LOCAL_FULL_AUDIT,estimated 20ms grid; preserved source and mapping provenance,UNAVAILABLE,UNAVAILABLE,original source text only; not independent conversational gold,lexical scoring supported; timing/activity approximate,True
S45_03_10,F03,Complete short replies and rapid handoffs,Arise Kitchen Main Table,"[""CMU ARCTIC""]","[""studio_project_design""]","[""CMU_ARCTIC_gka"", ""CMU_ARCTIC_jmk""]","[""target_or_conversation""]",development,complete_nonoverlap,True,False,6,26,45,715127,16000,1,PCM_16,PCM_24,canonical_20260909T044122_18b754,2705,8e895d6255b3a993cafcbf697bee9d8664d62053a8a4161bceb6ef43abf8df3a,bbd3916fb6d6d364bdd5f789976ab35fef5bd95fa57574d83bf9e5d785918b95,1.4125375446227544,1.0,1.0,LOCAL_FULL_AUDIT,estimated 20ms grid; preserved source and mapping provenance,UNAVAILABLE,UNAVAILABLE,original source text only; not independent conversational gold,lexical scoring supported; timing/activity approximate,False
S45_03_11,F03,Complete short replies and rapid handoffs,Arise Kitchen Main Table,"[""Common Voice""]","[""self_reported_60plus_real_recording""]","[""CV_0ec4d6799c8c83a9a047"", ""CV_2abbf1ec09fa0aeb6d9b""]","[""target_or_conversation""]",development,complete_nonoverlap,True,False,6,69,47,747127,16000,1,PCM_16,PCM_24,canonical_20260909T044122_18b754,2705,10b4a9c03af37b53ce59f6bf52e45d96ef46e5b85f0d8317c07fd0437e099541,cc1430f44576fceda537eb127d193e2df76b2892361489678f9696caa45824b1,1.4125375446227544,1.0,1.0,LOCAL_FULL_AUDIT,estimated 20ms grid; preserved source and mapping provenance,UNAVAILABLE,UNAVAILABLE,original source text only; not independent conversational gold,lexical scoring supported; timing/activity approximate,False
S45_03_12,F03,Complete short replies and rapid handoffs,Library Conference Room,"[""HiFiTTS""]","[""clean"", ""other""]","[""HIFITTS_9136"", ""HIFITTS_92""]","[""target_or_conversation""]",development,complete_nonoverlap,True,False,6,12,45,715127,16000,1,PCM_16,PCM_24,canonical_20260909T044122_18b754,2705,2690124f6b8a25a365f3d6bc67f575e59d1be981d854ba4fada3e1dc7dc64dfd,7107d408bad7759896fb3bcf70ca59131658d95a1a6ef0eaf34de3b72412e0c4,1.4125375446227544,1.0,1.0,LOCAL_FULL_AUDIT,estimated 20ms grid; preserved source and mapping provenance,UNAVAILABLE,UNAVAILABLE,original source text only; not independent conversational gold,lexical scoring supported; timing/activity approximate,False
S45_03_13,F03,Complete short replies and rapid handoffs,Arise 5th floor low table,"[""CMU ARCTIC""]","[""studio_project_design""]","[""CMU_ARCTIC_ksp"", ""CMU_ARCTIC_ljm""]","[""target_or_conversation""]",development,complete_nonoverlap,True,False,6,26,45,715127,16000,1,PCM_16,PCM_24,canonical_20260909T044122_18b754,2705,832f56e9f9f32e0b48b974ac14d6de97082ed363cec32d1c8bf7bbbda2ddd8d0,08f6281db4772b5ea72b4f5bc6de3c00e75bcd2727799ceb869272d5616a3593,1.4125375446227544,1.0,1.0,LOCAL_FULL_AUDIT,estimated 20ms grid; preserved source and mapping provenance,UNAVAILABLE,UNAVAILABLE,original source text only; not independent conversational gold,lexical scoring supported; timing/activity approximate,False
S45_03_14,F03,Complete short replies and rapid handoffs,Arise Floor 2 Kitchen,"[""Common Voice""]","[""self_reported_60plus_real_recording""]","[""CV_3b33694cdeb42c66d688"", ""CV_5bb2ca9b27ebe4cea0b5""]","[""target_or_conversation""]",development,complete_nonoverlap,True,False,6,49,45,715127,16000,1,PCM_16,PCM_24,canonical_20260909T044122_18b754,2705,5e02f44f9f8f3258455e2f719911b9488e5d53c4bfa24cf1a3cbc34ae0e06f5e,c31d0fae6ed9e9eec1da785db1d18f20544e1d5ddf4f0d4a718a355c9ed3a94a,1.4125375446227544,1.0,1.0,LOCAL_FULL_AUDIT,estimated 20ms grid; preserved source and mapping provenance,UNAVAILABLE,UNAVAILABLE,original source text only; not independent conversational gold,lexical scoring supported; timing/activity approximate,False
S45_03_15,F03,Complete short replies and rapid handoffs,Arise Kitchen Main Table,"[""HiFiTTS""]","[""other""]","[""HIFITTS_11614"", ""HIFITTS_11697""]","[""target_or_conversation""]",development,complete_nonoverlap,True,False,6,10,45,715127,16000,1,PCM_16,PCM_24,canonical_20260909T044122_18b754,2705,88473becc42d6aa758aa512190ce0d06889f84a161aa85c135169dfc812e1db4,d7e5825858611dd59ecd147c933a2482ba346409eaccd74ff4140c208c4bb4e1,1.4125375446227544,1.0,1.0,LOCAL_FULL_AUDIT,estimated 20ms grid; preserved source and mapping provenance,UNAVAILABLE,UNAVAILABLE,original source text only; not independent conversational gold,lexical scoring supported; timing/activity approximate,False
S45_03_16,F03,Complete short replies and rapid handoffs,Arise Kitchen Main Table,"[""CMU ARCTIC""]","[""studio_project_design""]","[""CMU_ARCTIC_axb"", ""CMU_ARCTIC_rxr""]","[""target_or_conversation""]",downstream_reserve,complete_nonoverlap,True,False,6,26,45,715127,16000,1,PCM_16,PCM_24,canonical_20260909T044122_18b754,2705,2d50779d27fb02d310b61b1e78c24679522f1e526bc6d9e62f9fae4fcc36da53,f44646b09ffa694b1e689dd0f226dbbfa013e0d6ebc4dca34341bfec07307207,1.4125375446227544,1.0,1.0,LOCAL_FULL_AUDIT,estimated 20ms grid; preserved source and mapping provenance,UNAVAILABLE,UNAVAILABLE,original source text only; not independent conversational gold,lexical scoring supported; timing/activity approximate,True
S45_03_17,F03,Complete short replies and rapid handoffs,Library Conference Room,"[""Common Voice""]","[""self_reported_60plus_real_recording""]","[""CV_ba6b4113f6df628a21fe"", ""CV_cb8bbb33611dc9825ccf""]","[""target_or_conversation""]",downstream_reserve,complete_nonoverlap,True,False,6,25,45,715127,16000,1,PCM_16,PCM_24,canonical_20260909T044122_18b754,2705,5332ceb9cd9daba426ab48b76833945fa49a0c7159be919b0549b75023a3883c,c7e3dbad29b7ee26940e1aa814e4afc9c3bc9776b51806be9ab152a003c8eb07,1.4125375446227544,1.0,1.0,LOCAL_FULL_AUDIT,estimated 20ms grid; preserved source and mapping provenance,UNAVAILABLE,UNAVAILABLE,original source text only; not independent conversational gold,lexical scoring supported; timing/activity approximate,False
S45_03_18,F03,Complete short replies and rapid handoffs,Upper Loeb,"[""HiFiTTS""]","[""clean"", ""other""]","[""HIFITTS_12787"", ""HIFITTS_6097""]","[""target_or_conversation""]",development,complete_nonoverlap,True,False,6,11,45,715127,16000,1,PCM_16,PCM_24,canonical_20260909T044122_18b754,2705,cc86667245e94cdb516c63d0b32f6ff8e99c70f40d7231e68ac418f1270cab31,02dac291c3b31744bb5eb7fe4d9d19ed0d39930b2fa058547c1a7f693adf1403,1.4125375446227544,1.0,1.0,LOCAL_FULL_AUDIT,estimated 20ms grid; preserved source and mapping provenance,UNAVAILABLE,UNAVAILABLE,original source text only; not independent conversational gold,lexical scoring supported; timing/activity approximate,True
S45_03_19,F03,Complete short replies and rapid handoffs,Upper Loeb,"[""CMU ARCTIC""]","[""studio_project_design""]","[""CMU_ARCTIC_lnh"", ""CMU_ARCTIC_rms""]","[""target_or_conversation""]",development,complete_nonoverlap,True,False,6,23,45,715127,16000,1,PCM_16,PCM_24,canonical_20260909T044122_18b754,2705,80110fba18368c2cdc307c0c2ecb390cdcade850e32d47c0d2bbfd774d8cc810,1f75d5cd82c585ee09273f23d388ebe3444fc57f8b8808bd4bc995683995fc39,1.4125375446227544,1.0,1.0,LOCAL_FULL_AUDIT,estimated 20ms grid; preserved source and mapping provenance,UNAVAILABLE,UNAVAILABLE,original source text only; not independent conversational gold,lexical scoring supported; timing/activity approximate,False
S45_03_20,F03,Complete short replies and rapid handoffs,Upper Loeb,"[""Common Voice""]","[""self_reported_60plus_real_recording""]","[""CV_6b5e3c9ca9030b7da6be"", ""CV_ba6b4113f6df628a21fe""]","[""target_or_conversation""]",downstream_reserve,complete_nonoverlap,True,False,6,28,45,715127,16000,1,PCM_16,PCM_24,canonical_20260909T044122_18b754,2705,50400cb31299db30325b05016acbc8ff4d6f7549bc3569cc970a07d3f467d16d,7740b972460ab543e9911242d43b0fbcc4cf68b5b0233dbb72aab22883544c72,1.4125375446227544,1.0,1.0,LOCAL_FULL_AUDIT,estimated 20ms grid; preserved source and mapping provenance,UNAVAILABLE,UNAVAILABLE,original source text only; not independent conversational gold,lexical scoring supported; timing/activity approximate,False
S45_04_01,F04,Two-talker overlap,Library Conference Room,"[""Common Voice""]","[""self_reported_60plus_real_recording""]","[""CV_6780c1e3d0bfe13078f7"", ""CV_8c9d6f14b797c3ffeb85""]","[""target_or_conversation""]",development,complete_overlap,True,True,3,15,45,715127,16000,1,PCM_16,PCM_24,canonical_20260909T044122_18b754,2705,293154dcd294b54e14819203b79e0b9750b57c23feed81048afd52bfd848a432,f8d994b3f6da6bf37cfff739103d738b048546a05e3bc0ca3a0787eda1ce65aa,1.4125375446227544,1.0,1.0,LOCAL_FULL_AUDIT,estimated 20ms grid; preserved source and mapping provenance,UNAVAILABLE,UNAVAILABLE,original source text only; not independent conversational gold,overlap: speaker/permutation lexical scoring; activity is estimated,False
S45_04_02,F04,Two-talker overlap,Arise 5th floor low table,"[""HiFiTTS""]","[""other""]","[""HIFITTS_6670"", ""HIFITTS_6671""]","[""target_or_conversation""]",development,complete_overlap,True,True,3,46,45,715127,16000,1,PCM_16,PCM_24,canonical_20260909T044122_18b754,2705,c5e3296f004035d7ec93d50184dc87bac44ef56e0b6a0bb1a25cb956ddfb3129,2ad1fdf3d5a03c7c39665d6dec050685457880559dd5820421c83cbd309701e1,1.4125375446227544,1.0,1.0,LOCAL_FULL_AUDIT,estimated 20ms grid; preserved source and mapping provenance,UNAVAILABLE,UNAVAILABLE,original source text only; not independent conversational gold,overlap: speaker/permutation lexical scoring; activity is estimated,False
S45_04_03,F04,Two-talker overlap,Arise Floor 2 Kitchen,"[""CMU ARCTIC""]","[""studio_project_design""]","[""CMU_ARCTIC_aew"", ""CMU_ARCTIC_slp""]","[""target_or_conversation""]",development,complete_overlap,True,True,3,37,45,715127,16000,1,PCM_16,PCM_24,canonical_20260909T044122_18b754,2705,a952e193260850841336f1ed82c1d97e92233c7d4a57e011ced359f02f97b1c7,f6e6ae3e2237d3c43738a70d2eee14fed45b9b153b56cb0493b7ee5450f61e15,1.4125375446227544,1.0,1.0,LOCAL_FULL_AUDIT,estimated 20ms grid; preserved source and mapping provenance,UNAVAILABLE,UNAVAILABLE,original source text only; not independent conversational gold,overlap: speaker/permutation lexical scoring; activity is estimated,False
S45_04_04,F04,Two-talker overlap,Arise Kitchen Main Table,"[""Common Voice""]","[""self_reported_60plus_real_recording""]","[""CV_bc25d4fe155478871b18"", ""CV_c86d546169ef5ac0dbe9""]","[""target_or_conversation""]",development,complete_overlap,True,True,3,24,45,715127,16000,1,PCM_16,PCM_24,canonical_20260909T044122_18b754,2705,456f029833d11528cb193c934b1e5fbfaae62685bb3d480807ec05afa07d7331,2de24b10f86b6fe370b4a8c459f8c6d672909d3f0558653a24a5aa66ad317fbd,1.4125375446227544,1.0,1.0,LOCAL_FULL_AUDIT,estimated 20ms grid; preserved source and mapping provenance,UNAVAILABLE,UNAVAILABLE,original source text only; not independent conversational gold,overlap: speaker/permutation lexical scoring; activity is estimated,False
S45_04_05,F04,Two-talker overlap,Arise Kitchen Main Table,"[""HiFiTTS""]","[""clean"", ""other""]","[""HIFITTS_9136"", ""HIFITTS_92""]","[""target_or_conversation""]",development,complete_overlap,True,True,3,36,45,715127,16000,1,PCM_16,PCM_24,canonical_20260909T044122_18b754,2705,65acd199d8fc3c5ad6eaf38f9db5f854e24efa3f9c8dafc91a3db2f6438d1472,3b44d1b5c34d51a5a43cf93ec2d27b7bbd1b273a62fe272dc92970547810f4f7,1.4125375446227544,1.0,1.0,LOCAL_FULL_AUDIT,estimated 20ms grid; preserved source and mapping provenance,UNAVAILABLE,UNAVAILABLE,original source text only; not independent conversational gold,overlap: speaker/permutation lexical scoring; activity is estimated,False
S45_04_06,F04,Two-talker overlap,Library Conference Room,"[""CMU ARCTIC""]","[""studio_project_design""]","[""CMU_ARCTIC_ahw"", ""CMU_ARCTIC_aup""]","[""target_or_conversation""]",development,complete_overlap,True,True,3,26,45,715127,16000,1,PCM_16,PCM_24,canonical_20260909T044122_18b754,2705,0b3e3d349d0b21f9b606c88a95483d524cf3aaa4484dcc7f8187583448efc89f,36fd61d77b817fc638650c094a6aed61f0e5db5fdfe99ab5142170a6b9a17c6b,1.4125375446227544,1.0,1.0,LOCAL_FULL_AUDIT,estimated 20ms grid; preserved source and mapping provenance,UNAVAILABLE,UNAVAILABLE,original source text only; not independent conversational gold,overlap: speaker/permutation lexical scoring; activity is estimated,False
S45_04_07,F04,Two-talker overlap,Arise 5th floor low table,"[""Common Voice""]","[""self_reported_60plus_real_recording""]","[""CV_d3c1e11354306288eba3"", ""CV_da7630c05ea3de5a8b18""]","[""target_or_conversation""]",development,complete_overlap,True,True,3,21,45,715127,16000,1,PCM_16,PCM_24,canonical_20260909T044122_18b754,2705,a80ba9ea36b6922070545eb5e2553e44656141cba0fe2e08b57c61176bc95886,76ebfd81860f25b57f2f2ca785d47a9361f910822d2435f0defc886f9e0ec2bf,1.4125375446227544,1.0,1.0,LOCAL_FULL_AUDIT,estimated 20ms grid; preserved source and mapping provenance,UNAVAILABLE,UNAVAILABLE,original source text only; not independent conversational gold,overlap: speaker/permutation lexical scoring; activity is estimated,False
S45_04_08,F04,Two-talker overlap,Arise Floor 2 Kitchen,"[""HiFiTTS""]","[""other""]","[""HIFITTS_11614"", ""HIFITTS_11697""]","[""target_or_conversation""]",development,complete_overlap,True,True,3,37,45,715127,16000,1,PCM_16,PCM_24,canonical_20260909T044122_18b754,2705,f3735c93f3bb66f3b6af0a42a6edf37e25a496e4b9b2144260932c4cd6231ffb,df26323d4630b7782ba8aabf26f0c7bcac72af13b75dbbbc9d7b604faeca32b6,1.4125375446227544,1.0,1.0,LOCAL_FULL_AUDIT,estimated 20ms grid; preserved source and mapping provenance,UNAVAILABLE,UNAVAILABLE,original source text only; not independent conversational gold,overlap: speaker/permutation lexical scoring; activity is estimated,False
S45_04_09,F04,Two-talker overlap,Arise Kitchen Main Table,"[""CMU ARCTIC""]","[""studio_project_design""]","[""CMU_ARCTIC_bdl"", ""CMU_ARCTIC_clb""]","[""target_or_conversation""]",development,complete_overlap,True,True,3,33,45,715127,16000,1,PCM_16,PCM_24,canonical_20260909T044122_18b754,2705,cb32f5a833ab9f840f21688d77f08415cab645b53e47ac238c302a904b5864b4,d3e18d1fdac8f902918a71508ca444b62e39fc7179a90433327f469d8a33c440,1.4125375446227544,1.0,1.0,LOCAL_FULL_AUDIT,estimated 20ms grid; preserved source and mapping provenance,UNAVAILABLE,UNAVAILABLE,original source text only; not independent conversational gold,overlap: speaker/permutation lexical scoring; activity is estimated,True
S45_04_10,F04,Two-talker overlap,Arise Kitchen Main Table,"[""Common Voice""]","[""self_reported_60plus_real_recording""]","[""CV_e2570918d433fe70613d"", ""CV_f82fc5dd15117edcfe9a""]","[""target_or_conversation""]",development,complete_overlap,True,True,3,22,45,715127,16000,1,PCM_16,PCM_24,canonical_20260909T044122_18b754,2705,47234d4cedc66c34458d07566538621787437f1c2f713d340eed51c3c8b84bea,379c13fcfb38ad3b1863cc04bf34c34083cf4fa879489047345862945e4c7497,1.4125375446227544,1.0,1.0,LOCAL_FULL_AUDIT,estimated 20ms grid; preserved source and mapping provenance,UNAVAILABLE,UNAVAILABLE,original source text only; not independent conversational gold,overlap: speaker/permutation lexical scoring; activity is estimated,False
S45_04_11,F04,Two-talker overlap,Library Conference Room,"[""HiFiTTS""]","[""clean"", ""other""]","[""HIFITTS_12787"", ""HIFITTS_6097""]","[""target_or_conversation""]",development,complete_overlap,True,True,3,31,45,715127,16000,1,PCM_16,PCM_24,canonical_20260909T044122_18b754,2705,873e97646519ce4f44c359858cb1b897e025759cfd6ab1f5585b1f9eab219b81,e06028f6d79e353fecbdf196a933ab95ff9f9443c8337d0c5572e2897b57b2ec,1.4125375446227544,1.0,1.0,LOCAL_FULL_AUDIT,estimated 20ms grid; preserved source and mapping provenance,UNAVAILABLE,UNAVAILABLE,original source text only; not independent conversational gold,overlap: speaker/permutation lexical scoring; activity is estimated,False
S45_04_12,F04,Two-talker overlap,Arise 5th floor low table,"[""CMU ARCTIC""]","[""studio_project_design""]","[""CMU_ARCTIC_eey"", ""CMU_ARCTIC_fem""]","[""target_or_conversation""]",development,complete_overlap,True,True,3,26,45,715127,16000,1,PCM_16,PCM_24,canonical_20260909T044122_18b754,2705,330f0289ef640f13d759ea7a2548ed6562588f5feb402247ebbbe42274c33e18,199d0a84bee58ac7e37ce0d4503a2ffea2ec661bfa695549bd54ca1e43db1927,1.4125375446227544,1.0,1.0,LOCAL_FULL_AUDIT,estimated 20ms grid; preserved source and mapping provenance,UNAVAILABLE,UNAVAILABLE,original source text only; not independent conversational gold,overlap: speaker/permutation lexical scoring; activity is estimated,False
S45_04_13,F04,Two-talker overlap,Arise Floor 2 Kitchen,"[""Common Voice""]","[""self_reported_60plus_real_recording""]","[""CV_0ec4d6799c8c83a9a047"", ""CV_2abbf1ec09fa0aeb6d9b""]","[""target_or_conversation""]",development,complete_overlap,True,True,3,38,45,715127,16000,1,PCM_16,PCM_24,canonical_20260909T044122_18b754,2705,1ffe73c8a408be2f3d7387e9de4de1794e4ae3b8e126d12262c0c070496343a0,73ea1ceba9877460f0f05073b67263b7f452599250b34915cc40f65dbe4debb0,1.4125375446227544,1.0,1.0,LOCAL_FULL_AUDIT,estimated 20ms grid; preserved source and mapping provenance,UNAVAILABLE,UNAVAILABLE,original source text only; not independent conversational gold,overlap: speaker/permutation lexical scoring; activity is estimated,True
S45_04_14,F04,Two-talker overlap,Arise Kitchen Main Table,"[""HiFiTTS""]","[""other""]","[""HIFITTS_6670"", ""HIFITTS_6671""]","[""target_or_conversation""]",development,complete_overlap,True,True,3,22,45,715127,16000,1,PCM_16,PCM_24,canonical_20260909T044122_18b754,2705,b8e112a4b03e7ed08466de7ad6c1a78dd93d7ad698cfd443bec6623ddab73b29,1c0c5f711ca3da016c48834c650bf3acb500a39f8f128f577837092af7173ae4,1.4125375446227544,1.0,1.0,LOCAL_FULL_AUDIT,estimated 20ms grid; preserved source and mapping provenance,UNAVAILABLE,UNAVAILABLE,original source text only; not independent conversational gold,overlap: speaker/permutation lexical scoring; activity is estimated,False
S45_04_15,F04,Two-talker overlap,Arise Kitchen Main Table,"[""CMU ARCTIC""]","[""studio_project_design""]","[""CMU_ARCTIC_gka"", ""CMU_ARCTIC_jmk""]","[""target_or_conversation""]",development,complete_overlap,True,True,3,28,45,715127,16000,1,PCM_16,PCM_24,canonical_20260909T044122_18b754,2705,5dc39384a222fed2a102a9c535467fc4932afbf7dac299678d158f19370a071d,58ecd34f1e87169740f28c12c6db8142db3e0dd72337932d8b8b9156ccb7075d,1.4125375446227544,1.0,1.0,LOCAL_FULL_AUDIT,estimated 20ms grid; preserved source and mapping provenance,UNAVAILABLE,UNAVAILABLE,original source text only; not independent conversational gold,overlap: speaker/permutation lexical scoring; activity is estimated,False
S45_04_16,F04,Two-talker overlap,Library Conference Room,"[""Common Voice""]","[""self_reported_60plus_real_recording""]","[""CV_6b5e3c9ca9030b7da6be"", ""CV_cb8bbb33611dc9825ccf""]","[""target_or_conversation""]",downstream_reserve,complete_overlap,True,True,3,27,45,715127,16000,1,PCM_16,PCM_24,canonical_20260909T044122_18b754,2705,d53e9b111fc3ce883840193d484a387669f0f844ce030f7eea42e60358291e27,b5a6f4e5fcf5c5f6e9d635b89b6510bb7818f26c023bfb56427fd1a1cfddea68,1.4125375446227544,1.0,1.0,LOCAL_FULL_AUDIT,estimated 20ms grid; preserved source and mapping provenance,UNAVAILABLE,UNAVAILABLE,original source text only; not independent conversational gold,overlap: speaker/permutation lexical scoring; activity is estimated,True
S45_04_17,F04,Two-talker overlap,Arise 5th floor low table,"[""HiFiTTS""]","[""clean"", ""other""]","[""HIFITTS_8051"", ""HIFITTS_9017""]","[""target_or_conversation""]",downstream_reserve,complete_overlap,True,True,3,29,45,715127,16000,1,PCM_16,PCM_24,canonical_20260909T044122_18b754,2705,d46045a1d61e72e1c99f210d9cd5bd133f64bafbdbf6502f04fdab122c397191,b75d4c47dff3e5f27f8224815fa2baa3ad5ebe2c4ae63badae4b44bd2ac85186,1.4125375446227544,1.0,1.0,LOCAL_FULL_AUDIT,estimated 20ms grid; preserved source and mapping provenance,UNAVAILABLE,UNAVAILABLE,original source text only; not independent conversational gold,overlap: speaker/permutation lexical scoring; activity is estimated,False
S45_04_18,F04,Two-talker overlap,Upper Loeb,"[""CMU ARCTIC""]","[""studio_project_design""]","[""CMU_ARCTIC_ksp"", ""CMU_ARCTIC_ljm""]","[""target_or_conversation""]",development,complete_overlap,True,True,3,26,45,715127,16000,1,PCM_16,PCM_24,canonical_20260909T044122_18b754,2705,d6a12824c5cce9368c8d6ee557763948a94387ecec871701418e100e27dd7c93,a9b3f967436f842d479bc8b2fb3f01b249f57a3a7104af775a7242e4ba853ed3,1.4125375446227544,1.0,1.0,LOCAL_FULL_AUDIT,estimated 20ms grid; preserved source and mapping provenance,UNAVAILABLE,UNAVAILABLE,original source text only; not independent conversational gold,overlap: speaker/permutation lexical scoring; activity is estimated,False
S45_04_19,F04,Two-talker overlap,Upper Loeb,"[""Common Voice""]","[""self_reported_60plus_real_recording""]","[""CV_3b33694cdeb42c66d688"", ""CV_5bb2ca9b27ebe4cea0b5""]","[""target_or_conversation""]",development,complete_overlap,True,True,3,35,45,715127,16000,1,PCM_16,PCM_24,canonical_20260909T044122_18b754,2705,c733023680155fed8793238081cfe27a0900b5025ec511f8a36b44e9f0859cb7,9dc723dbe2f9cab5d61a7aaa8a151302bb5949f787fc638fc1348e28b2b8a81d,1.4125375446227544,1.0,1.0,LOCAL_FULL_AUDIT,estimated 20ms grid; preserved source and mapping provenance,UNAVAILABLE,UNAVAILABLE,original source text only; not independent conversational gold,overlap: speaker/permutation lexical scoring; activity is estimated,False
S45_04_20,F04,Two-talker overlap,Upper Loeb,"[""HiFiTTS""]","[""clean"", ""other""]","[""HIFITTS_8051"", ""HIFITTS_9017""]","[""target_or_conversation""]",downstream_reserve,complete_overlap,True,True,3,29,45,715127,16000,1,PCM_16,PCM_24,canonical_20260909T044122_18b754,2705,ec2d1e0ea4ffdec5216db0f5f1eb1d583ae89bcd2d1b0cd1eb8ec8ba9d5bbea6,e7791bcafcd3424ebbc45742a5d3f5982fbd1563fa06bda82afbe4080cf67f81,1.4125375446227544,1.0,1.0,LOCAL_FULL_AUDIT,estimated 20ms grid; preserved source and mapping provenance,UNAVAILABLE,UNAVAILABLE,original source text only; not independent conversational gold,overlap: speaker/permutation lexical scoring; activity is estimated,True
S45_05_01,F05,Folded spatial and front/rear contrasts,Arise 5th floor low table,"[""HiFiTTS""]","[""clean"", ""other""]","[""HIFITTS_9136"", ""HIFITTS_92""]","[""target_or_conversation""]",development,complete_nonoverlap,True,False,3,32,45,715127,16000,1,PCM_16,PCM_24,canonical_20260909T044122_18b754,2705,49995cf99cae0b159a24cf8d8b13a394b95f7e49f53ad4b8d21a820dce7f8393,b64313ed7aca07ee952f2221f12dd21a7fe79e09700f563e64babc87b9688c8f,1.4125375446227544,1.0,1.0,LOCAL_FULL_AUDIT,estimated 20ms grid; preserved source and mapping provenance,UNAVAILABLE,UNAVAILABLE,original source text only; not independent conversational gold,lexical scoring supported; timing/activity approximate,False
S45_05_02,F05,Folded spatial and front/rear contrasts,Arise 5th floor low table,"[""HiFiTTS""]","[""clean"", ""other""]","[""HIFITTS_9136"", ""HIFITTS_92""]","[""target_or_conversation""]",development,complete_nonoverlap,True,False,3,32,45,715127,16000,1,PCM_16,PCM_24,canonical_20260909T044122_18b754,2705,662fa0c45e8bfc76f3c8e8a51080b52e9c0b2d5a7c10e8b5878b6d2eac49cddc,851d3b5262637fd6f59ef0ec3d23f433efba0c014cfe40cd81229bcc73ebca92,1.4125375446227544,1.0,1.0,LOCAL_FULL_AUDIT,estimated 20ms grid; preserved source and mapping provenance,UNAVAILABLE,UNAVAILABLE,original source text only; not independent conversational gold,lexical scoring supported; timing/activity approximate,False
S45_05_03,F05,Folded spatial and front/rear contrasts,Arise Kitchen Main Table,"[""Common Voice""]","[""self_reported_60plus_real_recording""]","[""CV_6780c1e3d0bfe13078f7"", ""CV_8c9d6f14b797c3ffeb85""]","[""target_or_conversation""]",development,complete_nonoverlap,True,False,3,19,45,715127,16000,1,PCM_16,PCM_24,canonical_20260909T044122_18b754,2705,499a2a5cdea835b344177ccba0ae3679f80fdb980ec9d5a2b44175a6dafd4ee5,2568eff9aa6ba4aebbfbe573dfb8923168857ed20066cd2ac10c754f39baf523,1.4125375446227544,1.0,1.0,LOCAL_FULL_AUDIT,estimated 20ms grid; preserved source and mapping provenance,UNAVAILABLE,UNAVAILABLE,original source text only; not independent conversational gold,lexical scoring supported; timing/activity approximate,False
S45_05_04,F05,Folded spatial and front/rear contrasts,Arise Kitchen Main Table,"[""Common Voice""]","[""self_reported_60plus_real_recording""]","[""CV_6780c1e3d0bfe13078f7"", ""CV_8c9d6f14b797c3ffeb85""]","[""target_or_conversation""]",development,complete_nonoverlap,True,False,3,19,45,715127,16000,1,PCM_16,PCM_24,canonical_20260909T044122_18b754,2705,56421ed41eab3ab02f795ec22101987b3afe92fc38212b037d9569cc23c0a04d,a5f35e0fd8b7f53cf4356cc537325cdd66c6546e2a91079bce4e7dccb4da8afb,1.4125375446227544,1.0,1.0,LOCAL_FULL_AUDIT,estimated 20ms grid; preserved source and mapping provenance,UNAVAILABLE,UNAVAILABLE,original source text only; not independent conversational gold,lexical scoring supported; timing/activity approximate,False
S45_05_05,F05,Folded spatial and front/rear contrasts,Library Conference Room,"[""CMU ARCTIC""]","[""studio_project_design""]","[""CMU_ARCTIC_lnh"", ""CMU_ARCTIC_rms""]","[""target_or_conversation""]",development,complete_nonoverlap,True,False,3,27,45,715127,16000,1,PCM_16,PCM_24,canonical_20260909T044122_18b754,2705,a89f229bb386471c8529f579b67595367518cf1ed8683b4b3afa3250164e123c,f6b50ffe2b530f5f918f2ee1d99dfeb8674c4b0162b14c44660ec2d427e95490,1.4125375446227544,1.0,1.0,LOCAL_FULL_AUDIT,estimated 20ms grid; preserved source and mapping provenance,UNAVAILABLE,UNAVAILABLE,original source text only; not independent conversational gold,lexical scoring supported; timing/activity approximate,False
S45_05_06,F05,Folded spatial and front/rear contrasts,Library Conference Room,"[""CMU ARCTIC""]","[""studio_project_design""]","[""CMU_ARCTIC_lnh"", ""CMU_ARCTIC_rms""]","[""target_or_conversation""]",development,complete_nonoverlap,True,False,3,27,45,715127,16000,1,PCM_16,PCM_24,canonical_20260909T044122_18b754,2705,9514face7df09bbfa829bfca4b6a76a69cb5aa828b2c2f966dd75d44826b1a4f,7edae21fdc90e08d2d145b92eb89e711b809251903a44234dfb23c4597a3e2ff,1.4125375446227544,1.0,1.0,LOCAL_FULL_AUDIT,estimated 20ms grid; preserved source and mapping provenance,UNAVAILABLE,UNAVAILABLE,original source text only; not independent conversational gold,lexical scoring supported; timing/activity approximate,False
S45_05_07,F05,Folded spatial and front/rear contrasts,Arise Floor 2 Kitchen,"[""HiFiTTS""]","[""other""]","[""HIFITTS_11614"", ""HIFITTS_11697""]","[""target_or_conversation""]",development,complete_nonoverlap,True,False,3,25,45,715127,16000,1,PCM_16,PCM_24,canonical_20260909T044122_18b754,2705,b002b21ce6ff8bcb18bdbe0e7d71d155da88b276382e5dd5336098fb2aac5ea6,4bb75b92961e3083604dd3f5bb05fc0ccb60ca812d92a12c57b880005da70435,1.4125375446227544,1.0,1.0,LOCAL_FULL_AUDIT,estimated 20ms grid; preserved source and mapping provenance,UNAVAILABLE,UNAVAILABLE,original source text only; not independent conversational gold,lexical scoring supported; timing/activity approximate,False
S45_05_08,F05,Folded spatial and front/rear contrasts,Arise Floor 2 Kitchen,"[""HiFiTTS""]","[""other""]","[""HIFITTS_11614"", ""HIFITTS_11697""]","[""target_or_conversation""]",development,complete_nonoverlap,True,False,3,25,45,715127,16000,1,PCM_16,PCM_24,canonical_20260909T044122_18b754,2705,09bb26dbaa762a8093bf6b0c158c37db4ad1049060a4f5ad5bbbe1c80d72d5be,3edb79221e90b7adfc53fd649cea1a46accb7364ad1e21eda0284b5bb84b5a76,1.4125375446227544,1.0,1.0,LOCAL_FULL_AUDIT,estimated 20ms grid; preserved source and mapping provenance,UNAVAILABLE,UNAVAILABLE,original source text only; not independent conversational gold,lexical scoring supported; timing/activity approximate,False
S45_05_09,F05,Folded spatial and front/rear contrasts,Arise Kitchen Main Table,"[""Common Voice""]","[""self_reported_60plus_real_recording""]","[""CV_bc25d4fe155478871b18"", ""CV_c86d546169ef5ac0dbe9""]","[""target_or_conversation""]",development,complete_nonoverlap,True,False,3,29,45,715127,16000,1,PCM_16,PCM_24,canonical_20260909T044122_18b754,2705,2c9c96f20b1f319a80ca7d0a38b46570f42e3dcae989af87308a3af347e90e28,23f28514af8f91d0b7488d1e7fbec4564605961c411a2d2532612982ff1a0589,1.4125375446227544,1.0,1.0,LOCAL_FULL_AUDIT,estimated 20ms grid; preserved source and mapping provenance,UNAVAILABLE,UNAVAILABLE,original source text only; not independent conversational gold,lexical scoring supported; timing/activity approximate,False
S45_05_10,F05,Folded spatial and front/rear contrasts,Arise Kitchen Main Table,"[""Common Voice""]","[""self_reported_60plus_real_recording""]","[""CV_bc25d4fe155478871b18"", ""CV_c86d546169ef5ac0dbe9""]","[""target_or_conversation""]",development,complete_nonoverlap,True,False,3,29,45,715127,16000,1,PCM_16,PCM_24,canonical_20260909T044122_18b754,2705,1190d7d868dee19d9f061ecda1af85683a7df3224c55377d85a06e035e43f17c,30ef62b4b101f9599dab129ef4dc18d843d859e758b604c9378d6e1433bc00b9,1.4125375446227544,1.0,1.0,LOCAL_FULL_AUDIT,estimated 20ms grid; preserved source and mapping provenance,UNAVAILABLE,UNAVAILABLE,original source text only; not independent conversational gold,lexical scoring supported; timing/activity approximate,False
S45_05_11,F05,Folded spatial and front/rear contrasts,Arise 5th floor low table,"[""CMU ARCTIC""]","[""studio_project_design""]","[""CMU_ARCTIC_aew"", ""CMU_ARCTIC_slp""]","[""target_or_conversation""]",development,complete_nonoverlap,True,False,3,27,45,715127,16000,1,PCM_16,PCM_24,canonical_20260909T044122_18b754,2705,f87429004aa60a25051f6c62ad530693629dd206281eb9083ebe7bb3b1ac256c,51fe86c40f52f535fbc9f72a01ab1a2ae3a13ea7d347bce9ebb7ae7881115e64,1.4125375446227544,1.0,1.0,LOCAL_FULL_AUDIT,estimated 20ms grid; preserved source and mapping provenance,UNAVAILABLE,UNAVAILABLE,original source text only; not independent conversational gold,lexical scoring supported; timing/activity approximate,False
S45_05_12,F05,Folded spatial and front/rear contrasts,Arise 5th floor low table,"[""CMU ARCTIC""]","[""studio_project_design""]","[""CMU_ARCTIC_aew"", ""CMU_ARCTIC_slp""]","[""target_or_conversation""]",development,complete_nonoverlap,True,False,3,27,45,715127,16000,1,PCM_16,PCM_24,canonical_20260909T044122_18b754,2705,2f5f8d828ccf62ffe07ffe2a23dff4cdd629b8520b24481dcde1741ae26d1131,334383d7f7786731f0ba33106d2f7c20633d140a1ce0d0599d083ad4241ad767,1.4125375446227544,1.0,1.0,LOCAL_FULL_AUDIT,estimated 20ms grid; preserved source and mapping provenance,UNAVAILABLE,UNAVAILABLE,original source text only; not independent conversational gold,lexical scoring supported; timing/activity approximate,False
S45_05_13,F05,Folded spatial and front/rear contrasts,Arise Kitchen Main Table,"[""HiFiTTS""]","[""clean"", ""other""]","[""HIFITTS_12787"", ""HIFITTS_6097""]","[""target_or_conversation""]",development,complete_nonoverlap,True,False,3,27,45,715127,16000,1,PCM_16,PCM_24,canonical_20260909T044122_18b754,2705,69e5a138cc09d4fccba243b8843d89a71158056d3e8284e66931b604281c9b94,56c1c80a70ac581f068a5c672c3e64d82a3b766cf5ec22d8d90e84f4a2fc07cb,1.4125375446227544,1.0,1.0,LOCAL_FULL_AUDIT,estimated 20ms grid; preserved source and mapping provenance,UNAVAILABLE,UNAVAILABLE,original source text only; not independent conversational gold,lexical scoring supported; timing/activity approximate,False
S45_05_14,F05,Folded spatial and front/rear contrasts,Arise Kitchen Main Table,"[""HiFiTTS""]","[""clean"", ""other""]","[""HIFITTS_12787"", ""HIFITTS_6097""]","[""target_or_conversation""]",development,complete_nonoverlap,True,False,3,27,45,715127,16000,1,PCM_16,PCM_24,canonical_20260909T044122_18b754,2705,d3a35dd703dec0949ef30acb5cbea5ed4d5ff5f6f562edcb3da3d40ef5d40031,9453a0aa48317ba82634b1faabc3ebb118f43c9fb823dccc9b3199d283b0c62e,1.4125375446227544,1.0,1.0,LOCAL_FULL_AUDIT,estimated 20ms grid; preserved source and mapping provenance,UNAVAILABLE,UNAVAILABLE,original source text only; not independent conversational gold,lexical scoring supported; timing/activity approximate,False
S45_05_15,F05,Folded spatial and front/rear contrasts,Library Conference Room,"[""Common Voice""]","[""self_reported_60plus_real_recording""]","[""CV_d3c1e11354306288eba3"", ""CV_da7630c05ea3de5a8b18""]","[""target_or_conversation""]",development,complete_nonoverlap,True,False,3,27,45,715127,16000,1,PCM_16,PCM_24,canonical_20260909T044122_18b754,2705,bebd77eeecbc81f46244b7971e451852f98ebbb70a38ffc883a40d8dbc5f34f2,a6d6fe338340b6608dae9fcdbc73f896e83a62352da522fcc76077a1f36afab1,1.4125375446227544,1.0,1.0,LOCAL_FULL_AUDIT,estimated 20ms grid; preserved source and mapping provenance,UNAVAILABLE,UNAVAILABLE,original source text only; not independent conversational gold,lexical scoring supported; timing/activity approximate,False
S45_05_16,F05,Folded spatial and front/rear contrasts,Library Conference Room,"[""Common Voice""]","[""self_reported_60plus_real_recording""]","[""CV_d3c1e11354306288eba3"", ""CV_da7630c05ea3de5a8b18""]","[""target_or_conversation""]",development,complete_nonoverlap,True,False,3,27,45,715127,16000,1,PCM_16,PCM_24,canonical_20260909T044122_18b754,2705,9b59eb068bb2ee5d086ef5a61e6ca4f94268a5ecb2108042c008ea247f4d4bb6,807efae145f39ac356ab468399c811470c0586bc685081217b96877fe99b2c03,1.4125375446227544,1.0,1.0,LOCAL_FULL_AUDIT,estimated 20ms grid; preserved source and mapping provenance,UNAVAILABLE,UNAVAILABLE,original source text only; not independent conversational gold,lexical scoring supported; timing/activity approximate,False
S45_05_17,F05,Folded spatial and front/rear contrasts,Arise Floor 2 Kitchen,"[""CMU ARCTIC""]","[""studio_project_design""]","[""CMU_ARCTIC_awb"", ""CMU_ARCTIC_slt""]","[""target_or_conversation""]",downstream_reserve,complete_nonoverlap,True,False,3,30,45,715127,16000,1,PCM_16,PCM_24,canonical_20260909T044122_18b754,2705,e21d525c769d64f08436bfdcc86aa478bea3596c6ce7cf6ecbfd21183f44fe9e,a294a517fb5403345b31d525e9c8514f286fd4948f817e9c172be2720698e3ac,1.4125375446227544,1.0,1.0,LOCAL_FULL_AUDIT,estimated 20ms grid; preserved source and mapping provenance,UNAVAILABLE,UNAVAILABLE,original source text only; not independent conversational gold,lexical scoring supported; timing/activity approximate,True
S45_05_18,F05,Folded spatial and front/rear contrasts,Arise Floor 2 Kitchen,"[""CMU ARCTIC""]","[""studio_project_design""]","[""CMU_ARCTIC_awb"", ""CMU_ARCTIC_slt""]","[""target_or_conversation""]",downstream_reserve,complete_nonoverlap,True,False,3,30,45,715127,16000,1,PCM_16,PCM_24,canonical_20260909T044122_18b754,2705,d380803ee387605e1811e43e6de4341faf13f3bd9bbe6e9bef77b3e7e3b79a1f,c1a6a517099e0726e07ccc14e6505fc434200a6f1d6d975d2af2d4296d631589,1.4125375446227544,1.0,1.0,LOCAL_FULL_AUDIT,estimated 20ms grid; preserved source and mapping provenance,UNAVAILABLE,UNAVAILABLE,original source text only; not independent conversational gold,lexical scoring supported; timing/activity approximate,True
S45_05_19,F05,Folded spatial and front/rear contrasts,Upper Loeb,"[""HiFiTTS""]","[""other""]","[""HIFITTS_6670"", ""HIFITTS_6671""]","[""target_or_conversation""]",development,complete_nonoverlap,True,False,3,29,45,715127,16000,1,PCM_16,PCM_24,canonical_20260909T044122_18b754,2705,f644af4fedec87bdc3e5b6f17b7ba568bbf5d41b2109f1707d2a2c055e4b1ac8,f198218b0767557bfbc59f0e3f1391363567e57a0b78d5187e7cc6f132286fc2,1.4125375446227544,1.0,1.0,LOCAL_FULL_AUDIT,estimated 20ms grid; preserved source and mapping provenance,UNAVAILABLE,UNAVAILABLE,original source text only; not independent conversational gold,lexical scoring supported; timing/activity approximate,True
S45_05_20,F05,Folded spatial and front/rear contrasts,Upper Loeb,"[""HiFiTTS""]","[""other""]","[""HIFITTS_6670"", ""HIFITTS_6671""]","[""target_or_conversation""]",development,complete_nonoverlap,True,False,3,29,45,715127,16000,1,PCM_16,PCM_24,canonical_20260909T044122_18b754,2705,71d032cd184da76555762dab6ac289cab5d3844fc6eaea1c2fffe2bc35d28eca,6b2bd5b0c3aeac720a7882345672ea26eb770c2c3fcdc317d5f1ef008127a86f,1.4125375446227544,1.0,1.0,LOCAL_FULL_AUDIT,estimated 20ms grid; preserved source and mapping provenance,UNAVAILABLE,UNAVAILABLE,original source text only; not independent conversational gold,lexical scoring supported; timing/activity approximate,True
S45_06_01,F06,Silent relocation and long-paused return,Arise Floor 2 Kitchen,"[""CMU ARCTIC""]","[""studio_project_design""]","[""CMU_ARCTIC_ahw"", ""CMU_ARCTIC_aup""]","[""target_or_conversation""]",development,complete_nonoverlap,True,False,3,27,100,1595127,16000,1,PCM_16,PCM_24,canonical_20260909T044122_18b754,2705,31f64c37caee4f2c2252fb92808914f5cc6b614a8d4a5a3e4cc61ce318aacd1e,473d5a08abe456ae436de4a0b8ed769f124ab9b944268257c49710025e20da93,1.4125375446227544,1.0,1.0,LOCAL_FULL_AUDIT,estimated 20ms grid; preserved source and mapping provenance,UNAVAILABLE,UNAVAILABLE,original source text only; not independent conversational gold,lexical scoring supported; timing/activity approximate,False
S45_06_02,F06,Silent relocation and long-paused return,Arise Kitchen Main Table,"[""Common Voice""]","[""self_reported_60plus_real_recording""]","[""CV_e2570918d433fe70613d"", ""CV_f82fc5dd15117edcfe9a""]","[""target_or_conversation""]",development,complete_nonoverlap,True,False,3,25,45,715127,16000,1,PCM_16,PCM_24,canonical_20260909T044122_18b754,2705,d5012604a83f8c696b024685f8e0f6dc53ab5e7ace385e1bdc9583440e0552dd,2aee4a0366a7f6acc54e3c064f301ea2f71bee3288fcf3c468fba55d61bda7f4,1.4125375446227544,1.0,1.0,LOCAL_FULL_AUDIT,estimated 20ms grid; preserved source and mapping provenance,UNAVAILABLE,UNAVAILABLE,original source text only; not independent conversational gold,lexical scoring supported; timing/activity approximate,False
S45_06_03,F06,Silent relocation and long-paused return,Arise Kitchen Main Table,"[""HiFiTTS""]","[""clean"", ""other""]","[""HIFITTS_9136"", ""HIFITTS_92""]","[""target_or_conversation""]",development,complete_nonoverlap,True,False,3,27,45,715127,16000,1,PCM_16,PCM_24,canonical_20260909T044122_18b754,321,41de0a023bfa095ad2f6ec5709376574ab21551445cf377f775dc74570e1595e,8c41b6bb27384d9b2bae502a0ea554be441668f8d480e7545f7d2ab85f37b01c,1.4125375446227544,1.0,1.0,LOCAL_FULL_AUDIT,estimated 20ms grid; preserved source and mapping provenance,UNAVAILABLE,UNAVAILABLE,original source text only; not independent conversational gold,lexical scoring supported; timing/activity approximate,False
S45_06_04,F06,Silent relocation and long-paused return,Library Conference Room,"[""CMU ARCTIC""]","[""studio_project_design""]","[""CMU_ARCTIC_bdl"", ""CMU_ARCTIC_clb""]","[""target_or_conversation""]",development,complete_nonoverlap,True,False,3,25,45,715127,16000,1,PCM_16,PCM_24,canonical_20260909T044122_18b754,2705,efdcb99600428514bb2ce6b3ff4fb33ecca5dd609c7b3fe7ea48b09e2bea9493,e1deda756246c91cae31fcc065af2414d01ef33afb5f47d2858c28324cc7025e,1.4125375446227544,1.0,1.0,LOCAL_FULL_AUDIT,estimated 20ms grid; preserved source and mapping provenance,UNAVAILABLE,UNAVAILABLE,original source text only; not independent conversational gold,lexical scoring supported; timing/activity approximate,False
S45_06_05,F06,Silent relocation and long-paused return,Arise 5th floor low table,"[""Common Voice""]","[""self_reported_60plus_real_recording""]","[""CV_0ec4d6799c8c83a9a047"", ""CV_2abbf1ec09fa0aeb6d9b""]","[""target_or_conversation""]",development,complete_nonoverlap,True,False,3,39,45,715127,16000,1,PCM_16,PCM_24,canonical_20260909T044122_18b754,2705,c4df04a3e8bb60dedf308f4504841432459a8de42580781d35d1edb56e7fa691,774fc0b3309a0ef90e8be45765dc5363408b9993e0056eaa3faf7fd70e9bb2b6,1.4125375446227544,1.0,1.0,LOCAL_FULL_AUDIT,estimated 20ms grid; preserved source and mapping provenance,UNAVAILABLE,UNAVAILABLE,original source text only; not independent conversational gold,lexical scoring supported; timing/activity approximate,True
S45_06_06,F06,Silent relocation and long-paused return,Arise Floor 2 Kitchen,"[""HiFiTTS""]","[""other""]","[""HIFITTS_11614"", ""HIFITTS_11697""]","[""target_or_conversation""]",development,complete_nonoverlap,True,False,3,47,100,1595127,16000,1,PCM_16,PCM_24,canonical_20260909T044122_18b754,2705,b03ec5ec2c11f6a0a3723dbffab470d48e757fa5bfc64f02497a0bbfc39caa97,26c04018cd661ccf933756bf2dad996f02c6e301b7e8a76c55f185ea8cf6a150,1.4125375446227544,1.0,1.0,LOCAL_FULL_AUDIT,estimated 20ms grid; preserved source and mapping provenance,UNAVAILABLE,UNAVAILABLE,original source text only; not independent conversational gold,lexical scoring supported; timing/activity approximate,False
S45_06_07,F06,Silent relocation and long-paused return,Arise Kitchen Main Table,"[""CMU ARCTIC""]","[""studio_project_design""]","[""CMU_ARCTIC_eey"", ""CMU_ARCTIC_fem""]","[""target_or_conversation""]",development,complete_nonoverlap,True,False,3,28,45,715127,16000,1,PCM_16,PCM_24,canonical_20260909T044122_18b754,2705,deef29018bdf2c518638e416d0697095b709c98c15ed33cc640586e482205a1a,0355ea748e67e6f2b73a9dad8945d4639a13242f3b408313ac10af787850697e,1.4125375446227544,1.0,1.0,LOCAL_FULL_AUDIT,estimated 20ms grid; preserved source and mapping provenance,UNAVAILABLE,UNAVAILABLE,original source text only; not independent conversational gold,lexical scoring supported; timing/activity approximate,False
S45_06_08,F06,Silent relocation and long-paused return,Arise Kitchen Main Table,"[""Common Voice""]","[""self_reported_60plus_real_recording""]","[""CV_3b33694cdeb42c66d688"", ""CV_5bb2ca9b27ebe4cea0b5""]","[""target_or_conversation""]",development,complete_nonoverlap,True,False,3,31,45,715127,16000,1,PCM_16,PCM_24,canonical_20260909T044122_18b754,2705,f4b1a9c8fe44663d0a9b83cd72f3b5f93f8729e041ba1fcc20a73b415b676bdb,da01c4b0415cd71046451dc269ea5e769b55b654d168b9472bef2d53b045e483,1.4125375446227544,1.0,1.0,LOCAL_FULL_AUDIT,estimated 20ms grid; preserved source and mapping provenance,UNAVAILABLE,UNAVAILABLE,original source text only; not independent conversational gold,lexical scoring supported; timing/activity approximate,False
S45_06_09,F06,Silent relocation and long-paused return,Library Conference Room,"[""HiFiTTS""]","[""clean"", ""other""]","[""HIFITTS_12787"", ""HIFITTS_6097""]","[""target_or_conversation""]",development,complete_nonoverlap,True,False,3,37,45,715127,16000,1,PCM_16,PCM_24,canonical_20260909T044122_18b754,2705,6cb9ecbcf0eb7b29eee9a813499c74789c9ad2782ff3397fd3d4c045214223e1,e17555a41fcde4b57e6daa513f6bd2873f38d546e937c5a694203a07edad2ef6,1.4125375446227544,1.0,1.0,LOCAL_FULL_AUDIT,estimated 20ms grid; preserved source and mapping provenance,UNAVAILABLE,UNAVAILABLE,original source text only; not independent conversational gold,lexical scoring supported; timing/activity approximate,True
S45_06_10,F06,Silent relocation and long-paused return,Arise 5th floor low table,"[""CMU ARCTIC""]","[""studio_project_design""]","[""CMU_ARCTIC_gka"", ""CMU_ARCTIC_jmk""]","[""target_or_conversation""]",development,complete_nonoverlap,True,False,3,23,45,715127,16000,1,PCM_16,PCM_24,canonical_20260909T044122_18b754,2705,9593932e24fb1de2d8d44c187dd46f814d39a1609f736edb38c53db4b2a32e3c,52d0040717a5816fe8c44dd1a9342cf5399b2de0fdbea09f601d6b6f06c81532,1.4125375446227544,1.0,1.0,LOCAL_FULL_AUDIT,estimated 20ms grid; preserved source and mapping provenance,UNAVAILABLE,UNAVAILABLE,original source text only; not independent conversational gold,lexical scoring supported; timing/activity approximate,False
S45_06_11,F06,Silent relocation and long-paused return,Arise Floor 2 Kitchen,"[""Common Voice""]","[""self_reported_60plus_real_recording""]","[""CV_6780c1e3d0bfe13078f7"", ""CV_8c9d6f14b797c3ffeb85""]","[""target_or_conversation""]",development,complete_nonoverlap,True,False,3,19,100,1595127,16000,1,PCM_16,PCM_24,canonical_20260909T044122_18b754,2705,dd56232640f5984abec117171b96fc76b06a2e77f68ef32cbc4db0271d74e973,a76a4e5ae78592760a731545b1d22440973bbcefec18e7c617acf2f21c99ea91,1.4125375446227544,1.0,1.0,LOCAL_FULL_AUDIT,estimated 20ms grid; preserved source and mapping provenance,UNAVAILABLE,UNAVAILABLE,original source text only; not independent conversational gold,lexical scoring supported; timing/activity approximate,False
S45_06_12,F06,Silent relocation and long-paused return,Arise Kitchen Main Table,"[""HiFiTTS""]","[""other""]","[""HIFITTS_6670"", ""HIFITTS_6671""]","[""target_or_conversation""]",development,complete_nonoverlap,True,False,3,33,45,715127,16000,1,PCM_16,PCM_24,canonical_20260909T044122_18b754,2705,b3e39ff75c9e4f47b15440ef53a3af19fa383fe169c1f13c7d427f37f67d086d,0c301bc73fc871c50a9090c2e9c53c8c75925624a35b0a7326248eef94f9f5dc,1.4125375446227544,1.0,1.0,LOCAL_FULL_AUDIT,estimated 20ms grid; preserved source and mapping provenance,UNAVAILABLE,UNAVAILABLE,original source text only; not independent conversational gold,lexical scoring supported; timing/activity approximate,False
S45_06_13,F06,Silent relocation and long-paused return,Arise Kitchen Main Table,"[""CMU ARCTIC""]","[""studio_project_design""]","[""CMU_ARCTIC_ksp"", ""CMU_ARCTIC_ljm""]","[""target_or_conversation""]",development,complete_nonoverlap,True,False,3,24,45,715127,16000,1,PCM_16,PCM_24,canonical_20260909T044122_18b754,2705,fd30a59f60e2e461d26cc643794f48436e86689917c931a6a607fb13c0be7515,19f25be65b4fbea00ee70ec5f7574dd88107349f1e2ac72a92806edd5cb900cc,1.4125375446227544,1.0,1.0,LOCAL_FULL_AUDIT,estimated 20ms grid; preserved source and mapping provenance,UNAVAILABLE,UNAVAILABLE,original source text only; not independent conversational gold,lexical scoring supported; timing/activity approximate,False
S45_06_14,F06,Silent relocation and long-paused return,Library Conference Room,"[""Common Voice""]","[""self_reported_60plus_real_recording""]","[""CV_bc25d4fe155478871b18"", ""CV_c86d546169ef5ac0dbe9""]","[""target_or_conversation""]",development,complete_nonoverlap,True,False,3,27,45,715127,16000,1,PCM_16,PCM_24,canonical_20260909T044122_18b754,2705,33913623762207b7f14b784482eed35af309b77befb4a0ca2973e0a3679c496d,5aff880cf8913869116b9973b9dcc4e08406cbabc4303b3ec953992b3e381f9e,1.4125375446227544,1.0,1.0,LOCAL_FULL_AUDIT,estimated 20ms grid; preserved source and mapping provenance,UNAVAILABLE,UNAVAILABLE,original source text only; not independent conversational gold,lexical scoring supported; timing/activity approximate,False
S45_06_15,F06,Silent relocation and long-paused return,Arise 5th floor low table,"[""HiFiTTS""]","[""clean"", ""other""]","[""HIFITTS_9136"", ""HIFITTS_92""]","[""target_or_conversation""]",development,complete_nonoverlap,True,False,3,29,45,715127,16000,1,PCM_16,PCM_24,canonical_20260909T044122_18b754,2705,9ca4cd216a2efe51bad7453074fc1485a03eb50b226f32e5b42c569239a80b3b,935b91d3e23ecf58160d56b14901c0169be87fc10103eb8bc6c91f14ce13fa5e,1.4125375446227544,1.0,1.0,LOCAL_FULL_AUDIT,estimated 20ms grid; preserved source and mapping provenance,UNAVAILABLE,UNAVAILABLE,original source text only; not independent conversational gold,lexical scoring supported; timing/activity approximate,False
S45_06_16,F06,Silent relocation and long-paused return,Arise Floor 2 Kitchen,"[""CMU ARCTIC""]","[""studio_project_design""]","[""CMU_ARCTIC_axb"", ""CMU_ARCTIC_rxr""]","[""target_or_conversation""]",downstream_reserve,complete_nonoverlap,True,False,3,21,45,715127,16000,1,PCM_16,PCM_24,canonical_20260909T044122_18b754,2705,a66deea8e499c41f804056f9e169d028e1c3d889ef271fccff727c18238165b3,f638958ecb04bdf97a5c27db891ef267f6d5dbad5a9cf9a271e6e960e6fbefa4,1.4125375446227544,1.0,1.0,LOCAL_FULL_AUDIT,estimated 20ms grid; preserved source and mapping provenance,UNAVAILABLE,UNAVAILABLE,original source text only; not independent conversational gold,lexical scoring supported; timing/activity approximate,True
S45_06_17,F06,Silent relocation and long-paused return,Arise Kitchen Main Table,"[""Common Voice""]","[""self_reported_60plus_real_recording""]","[""CV_ba6b4113f6df628a21fe"", ""CV_cb8bbb33611dc9825ccf""]","[""target_or_conversation""]",downstream_reserve,complete_nonoverlap,True,False,3,20,45,715127,16000,1,PCM_16,PCM_24,canonical_20260909T044122_18b754,2705,1ad288f4faca828166397ac70c195917b6feda2a5078053160015da0caa4969e,9554a9920ab234c4c6144b4257e2d8c03a448860ae1d699666e93c8b98708352,1.4125375446227544,1.0,1.0,LOCAL_FULL_AUDIT,estimated 20ms grid; preserved source and mapping provenance,UNAVAILABLE,UNAVAILABLE,original source text only; not independent conversational gold,lexical scoring supported; timing/activity approximate,False
S45_06_18,F06,Silent relocation and long-paused return,Upper Loeb,"[""HiFiTTS""]","[""other""]","[""HIFITTS_11614"", ""HIFITTS_11697""]","[""target_or_conversation""]",development,complete_nonoverlap,True,False,3,31,45,715127,16000,1,PCM_16,PCM_24,canonical_20260909T044122_18b754,2705,e072e0dd7f0d81ae2b5be1a1cd93e6b84fbafb5900b27afec06230d4b12bd5f2,5be247815c2a9de5646ffd7682fec19b0561e939c0dcd434981c366264978d81,1.4125375446227544,1.0,1.0,LOCAL_FULL_AUDIT,estimated 20ms grid; preserved source and mapping provenance,UNAVAILABLE,UNAVAILABLE,original source text only; not independent conversational gold,lexical scoring supported; timing/activity approximate,False
S45_06_19,F06,Silent relocation and long-paused return,Upper Loeb,"[""CMU ARCTIC""]","[""studio_project_design""]","[""CMU_ARCTIC_lnh"", ""CMU_ARCTIC_rms""]","[""target_or_conversation""]",development,complete_nonoverlap,True,False,3,21,45,715127,16000,1,PCM_16,PCM_24,canonical_20260909T044122_18b754,2705,a8a1c0343805b67a1f3fa4d5eabbf527e07ee5c388b592dae7254c9b84b98321,ea37ce7e42f6136ffeacb961c79c428e58de4361f0814aea8a129afa1c647d63,1.4125375446227544,1.0,1.0,LOCAL_FULL_AUDIT,estimated 20ms grid; preserved source and mapping provenance,UNAVAILABLE,UNAVAILABLE,original source text only; not independent conversational gold,lexical scoring supported; timing/activity approximate,True
S45_06_20,F06,Silent relocation and long-paused return,Upper Loeb,"[""Common Voice""]","[""self_reported_60plus_real_recording""]","[""CV_6b5e3c9ca9030b7da6be"", ""CV_ba6b4113f6df628a21fe""]","[""target_or_conversation""]",downstream_reserve,complete_nonoverlap,True,False,3,28,45,715127,16000,1,PCM_16,PCM_24,canonical_20260909T044122_18b754,2705,fd7ea46da7560dae15af48f80050ecb14d49ffc6054f0317b1b721a1692b49d6,08728310d82ccbd1964d1ec3cf6c0b59a500e259fa38cc613caa6b919c13f689,1.4125375446227544,1.0,1.0,LOCAL_FULL_AUDIT,estimated 20ms grid; preserved source and mapping provenance,UNAVAILABLE,UNAVAILABLE,original source text only; not independent conversational gold,lexical scoring supported; timing/activity approximate,False
S45_07_01,F07,Matched flat and upright,Arise Kitchen Main Table,"[""Common Voice""]","[""self_reported_60plus_real_recording""]","[""CV_d3c1e11354306288eba3"", ""CV_da7630c05ea3de5a8b18""]","[""target_or_conversation""]",development,complete_nonoverlap,True,False,3,25,45,715127,16000,1,PCM_16,PCM_24,canonical_20260909T044122_18b754,2705,d595210fa275837516b14fa05697a453e3e4b1d5ee08ab31ff4d43d8142c5d6d,b7c613a6ac67cfcad32ee9af12cc3eef650a22eaec160cd6ae15b4f5fda68180,1.4125375446227544,1.0,1.0,LOCAL_FULL_AUDIT,estimated 20ms grid; preserved source and mapping provenance,UNAVAILABLE,UNAVAILABLE,original source text only; not independent conversational gold,lexical scoring supported; timing/activity approximate,False
S45_07_02,F07,Matched flat and upright,Arise Kitchen Main Table,"[""Common Voice""]","[""self_reported_60plus_real_recording""]","[""CV_d3c1e11354306288eba3"", ""CV_da7630c05ea3de5a8b18""]","[""target_or_conversation""]",development,complete_nonoverlap,True,False,3,25,45,715127,16000,1,PCM_16,PCM_24,canonical_20260909T044122_18b754,2705,db44644345735db9a487bca4c9518b45c7e771b2113dbf029c66dc5cf9bc9e2a,c5ab15c1613c401a387ca3b27878eb7f15d71a316127058266badbe881202a13,1.4125375446227544,1.0,1.0,LOCAL_FULL_AUDIT,estimated 20ms grid; preserved source and mapping provenance,UNAVAILABLE,UNAVAILABLE,original source text only; not independent conversational gold,lexical scoring supported; timing/activity approximate,False
S45_07_03,F07,Matched flat and upright,Library Conference Room,"[""CMU ARCTIC""]","[""studio_project_design""]","[""CMU_ARCTIC_aew"", ""CMU_ARCTIC_slp""]","[""target_or_conversation""]",development,complete_nonoverlap,True,False,3,29,45,715127,16000,1,PCM_16,PCM_24,canonical_20260909T044122_18b754,2705,3ed308cb90598721b17ef18174bd424e67da02712626f21662120af8974886b4,492f6c82b19eb5c5090ccb47e9c58b9cb80db9f9c1017e928f6b25fb10b1a952,1.4125375446227544,1.0,1.0,LOCAL_FULL_AUDIT,estimated 20ms grid; preserved source and mapping provenance,UNAVAILABLE,UNAVAILABLE,original source text only; not independent conversational gold,lexical scoring supported; timing/activity approximate,False
S45_07_04,F07,Matched flat and upright,Library Conference Room,"[""CMU ARCTIC""]","[""studio_project_design""]","[""CMU_ARCTIC_aew"", ""CMU_ARCTIC_slp""]","[""target_or_conversation""]",development,complete_nonoverlap,True,False,3,29,45,715127,16000,1,PCM_16,PCM_24,canonical_20260909T044122_18b754,2705,d33a3035e684cefed80ff8c52d751d7773f60f09f2da6a5abf89464d3021914d,c9e8f8258c77edb076dc447e220747790b8936a7455e0bb6eb9d8b240e5461f5,1.4125375446227544,1.0,1.0,LOCAL_FULL_AUDIT,estimated 20ms grid; preserved source and mapping provenance,UNAVAILABLE,UNAVAILABLE,original source text only; not independent conversational gold,lexical scoring supported; timing/activity approximate,False
S45_07_05,F07,Matched flat and upright,Arise Floor 2 Kitchen,"[""HiFiTTS""]","[""clean"", ""other""]","[""HIFITTS_12787"", ""HIFITTS_6097""]","[""target_or_conversation""]",development,complete_nonoverlap,True,False,3,33,45,715127,16000,1,PCM_16,PCM_24,canonical_20260909T044122_18b754,2705,5ad6c47470b415d3c041d2c3910cae23206da400065a97b852bd539a00a079bd,e06a8e1bb26409358ae37930c9baba808da07e610c8a86d28cc75ace159550e7,1.4125375446227544,1.0,1.0,LOCAL_FULL_AUDIT,estimated 20ms grid; preserved source and mapping provenance,UNAVAILABLE,UNAVAILABLE,original source text only; not independent conversational gold,lexical scoring supported; timing/activity approximate,False
S45_07_06,F07,Matched flat and upright,Arise Floor 2 Kitchen,"[""HiFiTTS""]","[""clean"", ""other""]","[""HIFITTS_12787"", ""HIFITTS_6097""]","[""target_or_conversation""]",development,complete_nonoverlap,True,False,3,33,45,715127,16000,1,PCM_16,PCM_24,canonical_20260909T044122_18b754,2705,3cd694358cce2fad289e617a3fef296d73a13012d7547205e10c60dc6ff00460,360ab96a0a4cc8cff88444d3fe869daad1295f7bb39934e1eb232b37f9a03018,1.4125375446227544,1.0,1.0,LOCAL_FULL_AUDIT,estimated 20ms grid; preserved source and mapping provenance,UNAVAILABLE,UNAVAILABLE,original source text only; not independent conversational gold,lexical scoring supported; timing/activity approximate,False
S45_07_07,F07,Matched flat and upright,Arise Kitchen Main Table,"[""Common Voice""]","[""self_reported_60plus_real_recording""]","[""CV_e2570918d433fe70613d"", ""CV_f82fc5dd15117edcfe9a""]","[""target_or_conversation""]",development,complete_nonoverlap,True,False,3,28,45,715127,16000,1,PCM_16,PCM_24,canonical_20260909T044122_18b754,2705,a2b1c84ece64a49acd04a48b196f88ebfd95b31dd6f42a2f3491447de6d11cbc,38456ed9b53aca7ce08071eddf2327a255da90320f6d67b91fbe1fbd08f60ed3,1.4125375446227544,1.0,1.0,LOCAL_FULL_AUDIT,estimated 20ms grid; preserved source and mapping provenance,UNAVAILABLE,UNAVAILABLE,original source text only; not independent conversational gold,lexical scoring supported; timing/activity approximate,False
S45_07_08,F07,Matched flat and upright,Arise Kitchen Main Table,"[""Common Voice""]","[""self_reported_60plus_real_recording""]","[""CV_e2570918d433fe70613d"", ""CV_f82fc5dd15117edcfe9a""]","[""target_or_conversation""]",development,complete_nonoverlap,True,False,3,28,45,715127,16000,1,PCM_16,PCM_24,canonical_20260909T044122_18b754,2705,4f0636b22b6f6060f255bee85bb72cff02fc081b092873ea3538b025b1ad99b6,621fea3c2beff6e995af5e1aacb6b88e7835ebf43ba3f585753762cfb6e4c9ad,1.4125375446227544,1.0,1.0,LOCAL_FULL_AUDIT,estimated 20ms grid; preserved source and mapping provenance,UNAVAILABLE,UNAVAILABLE,original source text only; not independent conversational gold,lexical scoring supported; timing/activity approximate,False
S45_07_09,F07,Matched flat and upright,Arise 5th floor low table,"[""CMU ARCTIC""]","[""studio_project_design""]","[""CMU_ARCTIC_ahw"", ""CMU_ARCTIC_aup""]","[""target_or_conversation""]",development,complete_nonoverlap,True,False,3,23,45,715127,16000,1,PCM_16,PCM_24,canonical_20260909T044122_18b754,2705,f1a00356a64d96d2381023e694228cde4fc8eff9772bf3394709ad35fbf23295,d966504a7b2b8f8e0deb8f56048830f22a2c82d369f9ec094d7bf0d7c0941ea3,1.4125375446227544,1.0,1.0,LOCAL_FULL_AUDIT,estimated 20ms grid; preserved source and mapping provenance,UNAVAILABLE,UNAVAILABLE,original source text only; not independent conversational gold,lexical scoring supported; timing/activity approximate,False
S45_07_10,F07,Matched flat and upright,Arise 5th floor low table,"[""CMU ARCTIC""]","[""studio_project_design""]","[""CMU_ARCTIC_ahw"", ""CMU_ARCTIC_aup""]","[""target_or_conversation""]",development,complete_nonoverlap,True,False,3,23,45,715127,16000,1,PCM_16,PCM_24,canonical_20260909T044122_18b754,2705,882aa3a258b1aac0b30e1655bb8256090fb3f941a88baeeb860eb5f222002626,bf17bb15aec17248462f0197a7aa20752c452fb459770826e409cc27ffe9c81e,1.4125375446227544,1.0,1.0,LOCAL_FULL_AUDIT,estimated 20ms grid; preserved source and mapping provenance,UNAVAILABLE,UNAVAILABLE,original source text only; not independent conversational gold,lexical scoring supported; timing/activity approximate,False
S45_07_11,F07,Matched flat and upright,Arise Kitchen Main Table,"[""HiFiTTS""]","[""other""]","[""HIFITTS_6670"", ""HIFITTS_6671""]","[""target_or_conversation""]",development,complete_nonoverlap,True,False,3,32,45,715127,16000,1,PCM_16,PCM_24,canonical_20260909T044122_18b754,2705,9c11191af9b73d45fce7090c85e4f9344efdbe4e7290980bf489f00449f7b9ba,efb1315be223d012ec993e815f2c8ca6afc414c819eb06041c8fe3f8fdf3965f,1.4125375446227544,1.0,1.0,LOCAL_FULL_AUDIT,estimated 20ms grid; preserved source and mapping provenance,UNAVAILABLE,UNAVAILABLE,original source text only; not independent conversational gold,lexical scoring supported; timing/activity approximate,False
S45_07_12,F07,Matched flat and upright,Arise Kitchen Main Table,"[""HiFiTTS""]","[""other""]","[""HIFITTS_6670"", ""HIFITTS_6671""]","[""target_or_conversation""]",development,complete_nonoverlap,True,False,3,32,45,715127,16000,1,PCM_16,PCM_24,canonical_20260909T044122_18b754,2705,63880fb7c7e9a7d7a33f1c19e8d9bd23d5f5e55946c8f1401d8059f14b5b54e7,0e43f188445d30eba106e75fc0d169c0418868747141e5ae78cffeb4fa0cf7e0,1.4125375446227544,1.0,1.0,LOCAL_FULL_AUDIT,estimated 20ms grid; preserved source and mapping provenance,UNAVAILABLE,UNAVAILABLE,original source text only; not independent conversational gold,lexical scoring supported; timing/activity approximate,False
S45_07_13,F07,Matched flat and upright,Library Conference Room,"[""Common Voice""]","[""self_reported_60plus_real_recording""]","[""CV_0ec4d6799c8c83a9a047"", ""CV_2abbf1ec09fa0aeb6d9b""]","[""target_or_conversation""]",development,complete_nonoverlap,True,False,3,34,45,715127,16000,1,PCM_16,PCM_24,canonical_20260909T044122_18b754,2705,4906d37097b5b757c9d616b224b51b69e539bead3c5f3c67269cc414a7055e0a,82a65c6bced88a159b0f2bacc7590e42f1425592886ef7548e4e693f1fce342a,1.4125375446227544,1.0,1.0,LOCAL_FULL_AUDIT,estimated 20ms grid; preserved source and mapping provenance,UNAVAILABLE,UNAVAILABLE,original source text only; not independent conversational gold,lexical scoring supported; timing/activity approximate,False
S45_07_14,F07,Matched flat and upright,Library Conference Room,"[""Common Voice""]","[""self_reported_60plus_real_recording""]","[""CV_0ec4d6799c8c83a9a047"", ""CV_2abbf1ec09fa0aeb6d9b""]","[""target_or_conversation""]",development,complete_nonoverlap,True,False,3,34,45,715127,16000,1,PCM_16,PCM_24,canonical_20260909T044122_18b754,2705,9bd4e8eca137f3ea6385aa8fad5d26edde98070e322e63f0b843ef648cb98438,d284b1cc62b17c9974fec47a659f8d7fa20c134e4080e3cf0925a7c9c7a1d325,1.4125375446227544,1.0,1.0,LOCAL_FULL_AUDIT,estimated 20ms grid; preserved source and mapping provenance,UNAVAILABLE,UNAVAILABLE,original source text only; not independent conversational gold,lexical scoring supported; timing/activity approximate,False
S45_07_15,F07,Matched flat and upright,Arise Floor 2 Kitchen,"[""CMU ARCTIC""]","[""studio_project_design""]","[""CMU_ARCTIC_awb"", ""CMU_ARCTIC_slt""]","[""target_or_conversation""]",downstream_reserve,complete_nonoverlap,True,False,3,31,45,715127,16000,1,PCM_16,PCM_24,canonical_20260909T044122_18b754,2705,90a1e89e950b26b5a6d9729f8d8f96308e68e4c54b385d43460cd66996096321,e3a82167505ea1924a6b59fc2b6ed8d562992c20631188c6069d90a9e062b238,1.4125375446227544,1.0,1.0,LOCAL_FULL_AUDIT,estimated 20ms grid; preserved source and mapping provenance,UNAVAILABLE,UNAVAILABLE,original source text only; not independent conversational gold,lexical scoring supported; timing/activity approximate,True
S45_07_16,F07,Matched flat and upright,Arise Floor 2 Kitchen,"[""CMU ARCTIC""]","[""studio_project_design""]","[""CMU_ARCTIC_awb"", ""CMU_ARCTIC_slt""]","[""target_or_conversation""]",downstream_reserve,complete_nonoverlap,True,False,3,31,45,715127,16000,1,PCM_16,PCM_24,canonical_20260909T071736_0228fe,2705,a7c12080504f508c34f0e5c8c445412d7a6ed8e0de350a6320ebad0a13ad53d1,d9db840507056d40b7d23ee8dd9a24cc2075302c1b9066b4bb61d585a5382cf8,1.4125375446227544,1.0,1.0,LOCAL_FULL_AUDIT,estimated 20ms grid; preserved source and mapping provenance,UNAVAILABLE,UNAVAILABLE,original source text only; not independent conversational gold,lexical scoring supported; timing/activity approximate,True
S45_07_17,F07,Matched flat and upright,Upper Loeb,"[""HiFiTTS""]","[""clean"", ""other""]","[""HIFITTS_9136"", ""HIFITTS_92""]","[""target_or_conversation""]",development,complete_nonoverlap,True,False,3,28,45,715127,16000,1,PCM_16,PCM_24,canonical_20260909T071736_0228fe,2705,6a5f829a3896e487df07fd533628f7a7f9da45203509839d38f1ef84bd7b0333,0020bb93e064ce7e79ce983e6ecc491db026810dc7c87f46a7bf2c92fe6cf871,1.4125375446227544,1.0,1.0,LOCAL_FULL_AUDIT,estimated 20ms grid; preserved source and mapping provenance,UNAVAILABLE,UNAVAILABLE,original source text only; not independent conversational gold,lexical scoring supported; timing/activity approximate,True
S45_07_18,F07,Matched flat and upright,Upper Loeb,"[""HiFiTTS""]","[""clean"", ""other""]","[""HIFITTS_9136"", ""HIFITTS_92""]","[""target_or_conversation""]",development,complete_nonoverlap,True,False,3,28,45,715127,16000,1,PCM_16,PCM_24,canonical_20260909T071736_0228fe,2705,32f341676e94fc213acfe70a12610cc59fd186d8d85ee19844924927e018d718,851c6792bc24626d01b28fefccbe0ca7bc6bc2129a5a1f85f97b065d38cdab9d,1.4125375446227544,1.0,1.0,LOCAL_FULL_AUDIT,estimated 20ms grid; preserved source and mapping provenance,UNAVAILABLE,UNAVAILABLE,original source text only; not independent conversational gold,lexical scoring supported; timing/activity approximate,True
S45_07_19,F07,Matched flat and upright,Upper Loeb,"[""Common Voice""]","[""self_reported_60plus_real_recording""]","[""CV_6b5e3c9ca9030b7da6be"", ""CV_cb8bbb33611dc9825ccf""]","[""target_or_conversation""]",downstream_reserve,complete_nonoverlap,True,False,3,26,45,715127,16000,1,PCM_16,PCM_24,canonical_20260909T071736_0228fe,2705,ca9ac79463de5bf93a8e7cef0b49c91f2575673d98db71461b6f218102b1b3b8,970fa193393a3a244d276a473144afbbfa3a26381d102d08e005c8305da93816,1.4125375446227544,1.0,1.0,LOCAL_FULL_AUDIT,estimated 20ms grid; preserved source and mapping provenance,UNAVAILABLE,UNAVAILABLE,original source text only; not independent conversational gold,lexical scoring supported; timing/activity approximate,False
S45_07_20,F07,Matched flat and upright,Upper Loeb,"[""Common Voice""]","[""self_reported_60plus_real_recording""]","[""CV_6b5e3c9ca9030b7da6be"", ""CV_cb8bbb33611dc9825ccf""]","[""target_or_conversation""]",downstream_reserve,complete_nonoverlap,True,False,3,26,45,715127,16000,1,PCM_16,PCM_24,canonical_20260909T071736_0228fe,2705,c8bee932be45ba3abdf4eb114fa2a526b4eeb82edb826954751a4dd2e321e690,8df9fbbe4df6fdf2fc8ff2fe258637af9f3652786b699cbace6e7ddf7db14951,1.4125375446227544,1.0,1.0,LOCAL_FULL_AUDIT,estimated 20ms grid; preserved source and mapping provenance,UNAVAILABLE,UNAVAILABLE,original source text only; not independent conversational gold,lexical scoring supported; timing/activity approximate,False
S45_08_01,F08,Matched clear and obstructed,Arise Floor 2 Kitchen,"[""HiFiTTS""]","[""other""]","[""HIFITTS_11614"", ""HIFITTS_11697""]","[""target_or_conversation""]",development,complete_nonoverlap,True,False,3,31,45,715127,16000,1,PCM_16,PCM_24,canonical_20260909T044122_18b754,2705,b114ffd621ed89a358c72bdf6c7609c21b33aee26370823d52274f4b40f70859,913e7bd7819f8ee884905cc8c7d2e25b1d35b41cb7cda716b058bdf9a2d0a204,1.4125375446227544,1.0,1.0,LOCAL_FULL_AUDIT,estimated 20ms grid; preserved source and mapping provenance,UNAVAILABLE,UNAVAILABLE,original source text only; not independent conversational gold,lexical scoring supported; timing/activity approximate,False
S45_08_02,F08,Matched clear and obstructed,Arise Floor 2 Kitchen,"[""HiFiTTS""]","[""other""]","[""HIFITTS_11614"", ""HIFITTS_11697""]","[""target_or_conversation""]",development,complete_nonoverlap,True,False,3,31,45,715127,16000,1,PCM_16,PCM_24,canonical_20260909T044122_18b754,2705,f3b856fa2e7da34b5a1d656f8821d9fadecdbe20c44c60fe572978ee36e342c3,a70bc98c4894c19d240be8217ff74a67410480cf5f960ec00eb3d030906eaa43,1.4125375446227544,1.0,1.0,LOCAL_FULL_AUDIT,estimated 20ms grid; preserved source and mapping provenance,UNAVAILABLE,UNAVAILABLE,original source text only; not independent conversational gold,lexical scoring supported; timing/activity approximate,False
S45_08_03,F08,Matched clear and obstructed,Arise Floor 2 Kitchen,"[""Common Voice""]","[""self_reported_60plus_real_recording""]","[""CV_3b33694cdeb42c66d688"", ""CV_5bb2ca9b27ebe4cea0b5""]","[""target_or_conversation""]",development,complete_nonoverlap,True,False,3,35,45,715127,16000,1,PCM_16,PCM_24,canonical_20260909T071736_0228fe,2705,80254c4aff67f7993809b05a98907c756094fc01a63c907a6d08b7a55374eda5,ae1fdc5b6050dbd01e1fc0461a251c116976e302e0aba8bfc91960c45e9b18b9,1.4125375446227544,1.0,1.0,LOCAL_FULL_AUDIT,estimated 20ms grid; preserved source and mapping provenance,UNAVAILABLE,UNAVAILABLE,original source text only; not independent conversational gold,lexical scoring supported; timing/activity approximate,False
S45_08_04,F08,Matched clear and obstructed,Arise Floor 2 Kitchen,"[""Common Voice""]","[""self_reported_60plus_real_recording""]","[""CV_3b33694cdeb42c66d688"", ""CV_5bb2ca9b27ebe4cea0b5""]","[""target_or_conversation""]",development,complete_nonoverlap,True,False,3,35,45,715127,16000,1,PCM_16,PCM_24,canonical_20260909T071736_0228fe,2705,2ffa3ad2fb303c1a53fbf3fa65a1dfff225676b9fb300f2221688f88a404dc91,e8ef40c3307174244fc865431302f8821557a70f5e974d919ab441bca5f118cc,1.4125375446227544,1.0,1.0,LOCAL_FULL_AUDIT,estimated 20ms grid; preserved source and mapping provenance,UNAVAILABLE,UNAVAILABLE,original source text only; not independent conversational gold,lexical scoring supported; timing/activity approximate,False
S45_08_05,F08,Matched clear and obstructed,Arise Floor 2 Kitchen,"[""CMU ARCTIC""]","[""studio_project_design""]","[""CMU_ARCTIC_bdl"", ""CMU_ARCTIC_clb""]","[""target_or_conversation""]",development,complete_nonoverlap,True,False,3,25,45,715127,16000,1,PCM_16,PCM_24,canonical_20260909T071736_0228fe,2705,e61442d4da545560765e89c15db8462ca9e3a2b71aff8d96ae2bcb341fcbd51d,af20d555c3897aa2995ff95be2dd960185b6315a3950c328d6023373fe825e7f,1.4125375446227544,1.0,1.0,LOCAL_FULL_AUDIT,estimated 20ms grid; preserved source and mapping provenance,UNAVAILABLE,UNAVAILABLE,original source text only; not independent conversational gold,lexical scoring supported; timing/activity approximate,False
S45_08_06,F08,Matched clear and obstructed,Arise Floor 2 Kitchen,"[""CMU ARCTIC""]","[""studio_project_design""]","[""CMU_ARCTIC_bdl"", ""CMU_ARCTIC_clb""]","[""target_or_conversation""]",development,complete_nonoverlap,True,False,3,25,45,715127,16000,1,PCM_16,PCM_24,canonical_20260909T071736_0228fe,2705,8c776c0908beb92a2b322d0fb7334bf30971088a95b500ec113a053f64ab94bf,40989515e003a32a4aa76bef6f71dfa9c5574a68501b34bccdacdf1460650643,1.4125375446227544,1.0,1.0,LOCAL_FULL_AUDIT,estimated 20ms grid; preserved source and mapping provenance,UNAVAILABLE,UNAVAILABLE,original source text only; not independent conversational gold,lexical scoring supported; timing/activity approximate,False
S45_08_07,F08,Matched clear and obstructed,Arise Floor 2 Kitchen,"[""HiFiTTS""]","[""clean"", ""other""]","[""HIFITTS_12787"", ""HIFITTS_6097""]","[""target_or_conversation""]",development,complete_nonoverlap,True,False,3,41,45,715127,16000,1,PCM_16,PCM_24,canonical_20260909T071736_0228fe,2705,4126f87778ac12a14ab5128fb7c2ba67947ec4a7278344c2a1d14f48c51b4408,7034fcffed1236ad1bdb8911efdc6d808bd131a2280335d466f9e8fa81ba36ee,1.4125375446227544,1.0,1.0,LOCAL_FULL_AUDIT,estimated 20ms grid; preserved source and mapping provenance,UNAVAILABLE,UNAVAILABLE,original source text only; not independent conversational gold,lexical scoring supported; timing/activity approximate,False
S45_08_08,F08,Matched clear and obstructed,Arise Floor 2 Kitchen,"[""HiFiTTS""]","[""clean"", ""other""]","[""HIFITTS_12787"", ""HIFITTS_6097""]","[""target_or_conversation""]",development,complete_nonoverlap,True,False,3,41,45,715127,16000,1,PCM_16,PCM_24,canonical_20260909T071736_0228fe,2705,62a2201db2f9efcec573d3f28c377104ff14bf08bdbfd6da8da8521492c1a9e6,295453532910740ee311854c7271cbf13709883e69dd649fd2e9cebe5a756ea9,1.4125375446227544,1.0,1.0,LOCAL_FULL_AUDIT,estimated 20ms grid; preserved source and mapping provenance,UNAVAILABLE,UNAVAILABLE,original source text only; not independent conversational gold,lexical scoring supported; timing/activity approximate,False
S45_08_09,F08,Matched clear and obstructed,Arise Floor 2 Kitchen,"[""Common Voice""]","[""self_reported_60plus_real_recording""]","[""CV_6780c1e3d0bfe13078f7"", ""CV_8c9d6f14b797c3ffeb85""]","[""target_or_conversation""]",development,complete_nonoverlap,True,False,3,15,45,715127,16000,1,PCM_16,PCM_24,canonical_20260909T071736_0228fe,2705,b9dd5ad14e3bb94fc34b40b910484c3201a6e3a307eb19e14727036df0f81224,60d01740cc98eefc2506178dcc23c883f84c89ebd039bbf4cf47f468947c2075,1.4125375446227544,1.0,1.0,LOCAL_FULL_AUDIT,estimated 20ms grid; preserved source and mapping provenance,UNAVAILABLE,UNAVAILABLE,original source text only; not independent conversational gold,lexical scoring supported; timing/activity approximate,True
S45_08_10,F08,Matched clear and obstructed,Arise Floor 2 Kitchen,"[""Common Voice""]","[""self_reported_60plus_real_recording""]","[""CV_6780c1e3d0bfe13078f7"", ""CV_8c9d6f14b797c3ffeb85""]","[""target_or_conversation""]",development,complete_nonoverlap,True,False,3,15,45,715127,16000,1,PCM_16,PCM_24,canonical_20260909T071736_0228fe,2705,b17e01dbd7ba1b8db3191ada5eda8edaf0f23bafe02dacef924d91526896902e,825db9a3014a353f36568b20f4cfd9cd76b49f442bb9608b27ac6cb4307a30bc,1.4125375446227544,1.0,1.0,LOCAL_FULL_AUDIT,estimated 20ms grid; preserved source and mapping provenance,UNAVAILABLE,UNAVAILABLE,original source text only; not independent conversational gold,lexical scoring supported; timing/activity approximate,True
S45_08_11,F08,Matched clear and obstructed,Arise Floor 2 Kitchen,"[""CMU ARCTIC""]","[""studio_project_design""]","[""CMU_ARCTIC_eey"", ""CMU_ARCTIC_fem""]","[""target_or_conversation""]",development,complete_nonoverlap,True,False,3,25,45,715127,16000,1,PCM_16,PCM_24,canonical_20260909T071736_0228fe,2705,301a2f6857539af17240135b1009909fbc108fe090658f3ae96449a23a2da9d6,af1a39eda4d695619485a3bba63a2b5eea6cdeb06c11df0c6350c5bd5f9fc548,1.4125375446227544,1.0,1.0,LOCAL_FULL_AUDIT,estimated 20ms grid; preserved source and mapping provenance,UNAVAILABLE,UNAVAILABLE,original source text only; not independent conversational gold,lexical scoring supported; timing/activity approximate,False
S45_08_12,F08,Matched clear and obstructed,Arise Floor 2 Kitchen,"[""CMU ARCTIC""]","[""studio_project_design""]","[""CMU_ARCTIC_eey"", ""CMU_ARCTIC_fem""]","[""target_or_conversation""]",development,complete_nonoverlap,True,False,3,25,45,715127,16000,1,PCM_16,PCM_24,canonical_20260909T071736_0228fe,2705,2399ac449a54a01fa55a97c62794a546cae6335c29b9d882bcfbf2c7a3dbfa24,c82c7790f621e65038a2e7c59b2479cd87af2ee31fcf0b7685600374db08d799,1.4125375446227544,1.0,1.0,LOCAL_FULL_AUDIT,estimated 20ms grid; preserved source and mapping provenance,UNAVAILABLE,UNAVAILABLE,original source text only; not independent conversational gold,lexical scoring supported; timing/activity approximate,False
S45_08_13,F08,Matched clear and obstructed,Arise Floor 2 Kitchen,"[""HiFiTTS""]","[""other""]","[""HIFITTS_6670"", ""HIFITTS_6671""]","[""target_or_conversation""]",development,complete_nonoverlap,True,False,3,31,45,715127,16000,1,PCM_16,PCM_24,canonical_20260909T071736_0228fe,2705,ebf709975a6fa5530e31cac2fd18f00d871bfe9471f40392cd8b755e922f88a4,aecbad2763ae278dec0bd8dd4c384c54ddde58f430b65679cbcfc2f88d8af941,1.4125375446227544,1.0,1.0,LOCAL_FULL_AUDIT,estimated 20ms grid; preserved source and mapping provenance,UNAVAILABLE,UNAVAILABLE,original source text only; not independent conversational gold,lexical scoring supported; timing/activity approximate,False
S45_08_14,F08,Matched clear and obstructed,Arise Floor 2 Kitchen,"[""HiFiTTS""]","[""other""]","[""HIFITTS_6670"", ""HIFITTS_6671""]","[""target_or_conversation""]",development,complete_nonoverlap,True,False,3,31,45,715127,16000,1,PCM_16,PCM_24,canonical_20260909T071736_0228fe,2705,019b0b3ee7bd9d72155643508dc944d98fb9c35f668c215668ba325b9abd3b0b,1346cbea6b08bb24cd73dddb42a6f728437e51e6989544b7d480690413c226d6,1.4125375446227544,1.0,1.0,LOCAL_FULL_AUDIT,estimated 20ms grid; preserved source and mapping provenance,UNAVAILABLE,UNAVAILABLE,original source text only; not independent conversational gold,lexical scoring supported; timing/activity approximate,False
S45_08_15,F08,Matched clear and obstructed,Arise Floor 2 Kitchen,"[""Common Voice""]","[""self_reported_60plus_real_recording""]","[""CV_ba6b4113f6df628a21fe"", ""CV_cb8bbb33611dc9825ccf""]","[""target_or_conversation""]",downstream_reserve,complete_nonoverlap,True,False,3,25,45,715127,16000,1,PCM_16,PCM_24,canonical_20260909T071736_0228fe,2705,24716ef5cca50f466162e2c28321c831abc3344e41d40fb0b6ab90a4b36c4494,ca718dc39e129656daa236584ad8cb6e6376485202f1eb1316e6836d287e99ab,1.4125375446227544,1.0,1.0,LOCAL_FULL_AUDIT,estimated 20ms grid; preserved source and mapping provenance,UNAVAILABLE,UNAVAILABLE,original source text only; not independent conversational gold,lexical scoring supported; timing/activity approximate,False
S45_08_16,F08,Matched clear and obstructed,Arise Floor 2 Kitchen,"[""Common Voice""]","[""self_reported_60plus_real_recording""]","[""CV_ba6b4113f6df628a21fe"", ""CV_cb8bbb33611dc9825ccf""]","[""target_or_conversation""]",downstream_reserve,complete_nonoverlap,True,False,3,25,45,715127,16000,1,PCM_16,PCM_24,canonical_20260909T071736_0228fe,2705,ca619e8dc4189493b77f4058ee7e8ae301ed22bd065b1065933fe4e06aa69cdf,fef8cbe21a7c1e33add55d9cde338873c25a297e011f16eaf199aa638a684d2b,1.4125375446227544,1.0,1.0,LOCAL_FULL_AUDIT,estimated 20ms grid; preserved source and mapping provenance,UNAVAILABLE,UNAVAILABLE,original source text only; not independent conversational gold,lexical scoring supported; timing/activity approximate,False
S45_08_17,F08,Matched clear and obstructed,Arise Floor 2 Kitchen,"[""CMU ARCTIC""]","[""studio_project_design""]","[""CMU_ARCTIC_axb"", ""CMU_ARCTIC_rxr""]","[""target_or_conversation""]",downstream_reserve,complete_nonoverlap,True,False,3,24,45,715127,16000,1,PCM_16,PCM_24,canonical_20260909T071736_0228fe,2705,5deca3d6e76b2450b5e0020083ec70c3d1e64c09163489a82e5a50eedfe1300b,a26ef317c33868ade30ce0aff815c8c468438765f267f8c524b9eea2ec3df76c,1.4125375446227544,1.0,1.0,LOCAL_FULL_AUDIT,estimated 20ms grid; preserved source and mapping provenance,UNAVAILABLE,UNAVAILABLE,original source text only; not independent conversational gold,lexical scoring supported; timing/activity approximate,False
S45_08_18,F08,Matched clear and obstructed,Arise Floor 2 Kitchen,"[""CMU ARCTIC""]","[""studio_project_design""]","[""CMU_ARCTIC_axb"", ""CMU_ARCTIC_rxr""]","[""target_or_conversation""]",downstream_reserve,complete_nonoverlap,True,False,3,24,45,715127,16000,1,PCM_16,PCM_24,canonical_20260909T071736_0228fe,2705,87863b5a9ca9b56724fa93c55fd1e0e7211f5aa10f199eb95598b83f0310b9d1,0ef4665fc6feb61868c0a9852dd75810bfe40522e4fbf5e988fb9b97b0846156,1.4125375446227544,1.0,1.0,LOCAL_FULL_AUDIT,estimated 20ms grid; preserved source and mapping provenance,UNAVAILABLE,UNAVAILABLE,original source text only; not independent conversational gold,lexical scoring supported; timing/activity approximate,False
S45_08_19,F08,Matched clear and obstructed,Arise Floor 2 Kitchen,"[""HiFiTTS""]","[""clean"", ""other""]","[""HIFITTS_8051"", ""HIFITTS_9017""]","[""target_or_conversation""]",downstream_reserve,complete_nonoverlap,True,False,3,18,45,715127,16000,1,PCM_16,PCM_24,canonical_20260909T071736_0228fe,2705,d423dfcc9674f5d050b04af1af24178cebacf3be96ba2b8300c1822c39256a00,dbe78319ffe8fcf0a4b2b538311efdca7e9b526379f95bd21bbede614efae6f0,1.4125375446227544,1.0,1.0,LOCAL_FULL_AUDIT,estimated 20ms grid; preserved source and mapping provenance,UNAVAILABLE,UNAVAILABLE,original source text only; not independent conversational gold,lexical scoring supported; timing/activity approximate,True
S45_08_20,F08,Matched clear and obstructed,Arise Floor 2 Kitchen,"[""HiFiTTS""]","[""clean"", ""other""]","[""HIFITTS_8051"", ""HIFITTS_9017""]","[""target_or_conversation""]",downstream_reserve,complete_nonoverlap,True,False,3,18,45,715127,16000,1,PCM_16,PCM_24,canonical_20260909T071736_0228fe,2705,f4be0a09a6db0b00a457750c0fbb0081dfc4149827faa5d5690fee4a304e12cd,71a543051579f281417e1f5601946b1acab512be78e5062ba1019a607b601873,1.4125375446227544,1.0,1.0,LOCAL_FULL_AUDIT,estimated 20ms grid; preserved source and mapping provenance,UNAVAILABLE,UNAVAILABLE,original source text only; not independent conversational gold,lexical scoring supported; timing/activity approximate,True
S45_09_01,F09,Near table speech and distant outsider,Arise 5th floor low table,"[""CMU ARCTIC""]","[""studio_project_design""]","[""CMU_ARCTIC_gka"", ""CMU_ARCTIC_jmk""]","[""background_talker"", ""target_or_conversation""]",development,complete_overlap,True,True,3,32,45,715127,16000,1,PCM_16,PCM_24,canonical_20260909T044122_18b754,2705,30370c501f3346c21adec50d7edc3d570384be264eef06f582aa477b7ca9ff47,132de57e894495ad55f74c8625206f11b28bc56dccdd312d0378cc1c120b1ad2,1.4125375446227544,1.0,1.0,LOCAL_FULL_AUDIT,estimated 20ms grid; preserved source and mapping provenance,UNAVAILABLE,UNAVAILABLE,original source text only; not independent conversational gold,overlap: speaker/permutation lexical scoring; activity is estimated,True
S45_09_02,F09,Near table speech and distant outsider,Arise Kitchen Main Table,"[""Common Voice""]","[""self_reported_60plus_real_recording""]","[""CV_bc25d4fe155478871b18"", ""CV_c86d546169ef5ac0dbe9""]","[""background_talker"", ""target_or_conversation""]",development,complete_overlap,True,True,3,19,45,715127,16000,1,PCM_16,PCM_24,canonical_20260909T071736_0228fe,2705,769d3aba49acacf5541cf4fabf86a21a8987afc8ec03a5b6ee43a202557f5d30,34bf4831efc260e1d1074f1383654c8e2992b6fc535edaffeb85570e94badc88,1.4125375446227544,1.0,1.0,LOCAL_FULL_AUDIT,estimated 20ms grid; preserved source and mapping provenance,UNAVAILABLE,UNAVAILABLE,original source text only; not independent conversational gold,overlap: speaker/permutation lexical scoring; activity is estimated,False
S45_09_03,F09,Near table speech and distant outsider,Arise Kitchen Main Table,"[""HiFiTTS""]","[""clean"", ""other""]","[""HIFITTS_9136"", ""HIFITTS_92""]","[""background_talker"", ""target_or_conversation""]",development,complete_overlap,True,True,3,28,45,715127,16000,1,PCM_16,PCM_24,canonical_20260909T071736_0228fe,2705,11e85e799f4114252832612bfb1125bfcfeb7b5038cd80417ab3c59fd9f16975,44388f8c3d03321586c3765a94db52892a6faf4767c94531d57ea8470ece4d44,1.4125375446227544,1.0,1.0,LOCAL_FULL_AUDIT,estimated 20ms grid; preserved source and mapping provenance,UNAVAILABLE,UNAVAILABLE,original source text only; not independent conversational gold,overlap: speaker/permutation lexical scoring; activity is estimated,False
S45_09_04,F09,Near table speech and distant outsider,Arise 5th floor low table,"[""CMU ARCTIC""]","[""studio_project_design""]","[""CMU_ARCTIC_ksp"", ""CMU_ARCTIC_ljm""]","[""background_talker"", ""target_or_conversation""]",development,complete_overlap,True,True,3,22,45,715127,16000,1,PCM_16,PCM_24,canonical_20260909T071736_0228fe,2705,97562ae22097b19a13eefa63563307d87e215d2946bde6470473633bc48fb1f1,4f4a10d995eb21e3b7c5e3024ad45df8cb025d265f92036a3b10cb1b025ca9db,1.4125375446227544,1.0,1.0,LOCAL_FULL_AUDIT,estimated 20ms grid; preserved source and mapping provenance,UNAVAILABLE,UNAVAILABLE,original source text only; not independent conversational gold,overlap: speaker/permutation lexical scoring; activity is estimated,False
S45_09_05,F09,Near table speech and distant outsider,Arise Kitchen Main Table,"[""Common Voice""]","[""self_reported_60plus_real_recording""]","[""CV_d3c1e11354306288eba3"", ""CV_da7630c05ea3de5a8b18""]","[""background_talker"", ""target_or_conversation""]",development,complete_overlap,True,True,3,24,45,715127,16000,1,PCM_16,PCM_24,canonical_20260909T044122_18b754,2705,808bff77f9d1f812755e0705413b3821be2562b178fe29c501ec68f96bd9ce53,1a4efffb52c48ad56573436fc44b7dea1299a60125013acd0b30b46b9fc32771,1.4125375446227544,1.0,1.0,LOCAL_FULL_AUDIT,estimated 20ms grid; preserved source and mapping provenance,UNAVAILABLE,UNAVAILABLE,original source text only; not independent conversational gold,overlap: speaker/permutation lexical scoring; activity is estimated,False
S45_09_06,F09,Near table speech and distant outsider,Arise Kitchen Main Table,"[""HiFiTTS""]","[""other""]","[""HIFITTS_11614"", ""HIFITTS_11697""]","[""background_talker"", ""target_or_conversation""]",development,complete_overlap,True,True,3,35,45,715127,16000,1,PCM_16,PCM_24,canonical_20260909T071736_0228fe,2705,34e717950fcc2d5ff770479bc6407c91d519b74d12ac62d24ed9e9a2b74064af,59adcdbeaed8e4f42a432fcae40ec331d1504ddd5d32a84ff8fb8f9f6fa40d17,1.4125375446227544,1.0,1.0,LOCAL_FULL_AUDIT,estimated 20ms grid; preserved source and mapping provenance,UNAVAILABLE,UNAVAILABLE,original source text only; not independent conversational gold,overlap: speaker/permutation lexical scoring; activity is estimated,False
S45_09_07,F09,Near table speech and distant outsider,Arise 5th floor low table,"[""CMU ARCTIC""]","[""studio_project_design""]","[""CMU_ARCTIC_lnh"", ""CMU_ARCTIC_rms""]","[""background_talker"", ""target_or_conversation""]",development,complete_overlap,True,True,3,17,45,715127,16000,1,PCM_16,PCM_24,canonical_20260909T071736_0228fe,2705,bec17e0584cc81b754eb6995d31bb39c6636ea11c5a7383461c93e986d14e7df,04208e1f6773b87b0a97fc74aa6044f4b4ef22e3b2db430f5f7fb59087343cab,1.4125375446227544,1.0,1.0,LOCAL_FULL_AUDIT,estimated 20ms grid; preserved source and mapping provenance,UNAVAILABLE,UNAVAILABLE,original source text only; not independent conversational gold,overlap: speaker/permutation lexical scoring; activity is estimated,False
S45_09_08,F09,Near table speech and distant outsider,Arise Kitchen Main Table,"[""Common Voice""]","[""self_reported_60plus_real_recording""]","[""CV_e2570918d433fe70613d"", ""CV_f82fc5dd15117edcfe9a""]","[""background_talker"", ""target_or_conversation""]",development,complete_overlap,True,True,3,32,45,715127,16000,1,PCM_16,PCM_24,canonical_20260909T071736_0228fe,2705,1475839be2b459f2bf8dd0222b0b07c0318210ff6d126fc4f30bbc01e336eef1,126381e4e8f559e6dcaddb3b180ba789d4b1b3ed11b6cff82b8c22c4afa653a9,1.4125375446227544,1.0,1.0,LOCAL_FULL_AUDIT,estimated 20ms grid; preserved source and mapping provenance,UNAVAILABLE,UNAVAILABLE,original source text only; not independent conversational gold,overlap: speaker/permutation lexical scoring; activity is estimated,True
S45_09_09,F09,Near table speech and distant outsider,Arise Kitchen Main Table,"[""HiFiTTS""]","[""clean"", ""other""]","[""HIFITTS_12787"", ""HIFITTS_6097""]","[""background_talker"", ""target_or_conversation""]",development,complete_overlap,True,True,3,26,45,715127,16000,1,PCM_16,PCM_24,canonical_20260909T071736_0228fe,2705,4adf4a5bc01e9ad9247a1aa56acedcb49d4616ae7c143cf0721777bf7c3f8936,a833a4e67f98cb8e5317cb9e0e3b67074a14d658f66eb69f778726d3fca1cc11,1.4125375446227544,1.0,1.0,LOCAL_FULL_AUDIT,estimated 20ms grid; preserved source and mapping provenance,UNAVAILABLE,UNAVAILABLE,original source text only; not independent conversational gold,overlap: speaker/permutation lexical scoring; activity is estimated,False
S45_09_10,F09,Near table speech and distant outsider,Arise 5th floor low table,"[""CMU ARCTIC""]","[""studio_project_design""]","[""CMU_ARCTIC_aew"", ""CMU_ARCTIC_slp""]","[""background_talker"", ""target_or_conversation""]",development,complete_overlap,True,True,3,33,45,715127,16000,1,PCM_16,PCM_24,canonical_20260909T071736_0228fe,2705,e79e26f2bb222771f79893b83f76edca1cd342a5205b3cf3e962dba376242e38,baa3adbbedc372eb786b84c5b3a60d293bb88d303a9822fe110564fc540da619,1.4125375446227544,1.0,1.0,LOCAL_FULL_AUDIT,estimated 20ms grid; preserved source and mapping provenance,UNAVAILABLE,UNAVAILABLE,original source text only; not independent conversational gold,overlap: speaker/permutation lexical scoring; activity is estimated,False
S45_09_11,F09,Near table speech and distant outsider,Arise Kitchen Main Table,"[""Common Voice""]","[""self_reported_60plus_real_recording""]","[""CV_0ec4d6799c8c83a9a047"", ""CV_2abbf1ec09fa0aeb6d9b""]","[""background_talker"", ""target_or_conversation""]",development,complete_overlap,True,True,3,38,45,715127,16000,1,PCM_16,PCM_24,canonical_20260909T071736_0228fe,2705,2d2de3fe511c144c4935b59f485d888e98f9dcc20409f110223b60e3a55108cd,fa6b7687a7a57e5b581246d4a979b95bff5f4a606869e9678924de658a4aef7c,1.4125375446227544,1.0,1.0,LOCAL_FULL_AUDIT,estimated 20ms grid; preserved source and mapping provenance,UNAVAILABLE,UNAVAILABLE,original source text only; not independent conversational gold,overlap: speaker/permutation lexical scoring; activity is estimated,False
S45_09_12,F09,Near table speech and distant outsider,Arise Kitchen Main Table,"[""HiFiTTS""]","[""other""]","[""HIFITTS_6670"", ""HIFITTS_6671""]","[""background_talker"", ""target_or_conversation""]",development,complete_overlap,True,True,3,31,45,715127,16000,1,PCM_16,PCM_24,canonical_20260909T071736_0228fe,2705,d4b7f73f2cbff45790385cd545523f827ea5ea95069ad6e86494bcb73fe14f7b,870797895d8cbc80fafe1f1569391f9e4842497932cab22b9ca99844561d273a,1.4125375446227544,1.0,1.0,LOCAL_FULL_AUDIT,estimated 20ms grid; preserved source and mapping provenance,UNAVAILABLE,UNAVAILABLE,original source text only; not independent conversational gold,overlap: speaker/permutation lexical scoring; activity is estimated,False
S45_09_13,F09,Near table speech and distant outsider,Arise 5th floor low table,"[""CMU ARCTIC""]","[""studio_project_design""]","[""CMU_ARCTIC_ahw"", ""CMU_ARCTIC_aup""]","[""background_talker"", ""target_or_conversation""]",development,complete_overlap,True,True,3,27,45,715127,16000,1,PCM_16,PCM_24,canonical_20260909T071736_0228fe,2705,ef131834639efe0496dafa8f63596aa391b9437811c0d6463ae15e8c35609846,df3806e78ed1633d81916d5ba32204f3d0f43ce4c7e499e7e5e2b8e77cb7e666,1.4125375446227544,1.0,1.0,LOCAL_FULL_AUDIT,estimated 20ms grid; preserved source and mapping provenance,UNAVAILABLE,UNAVAILABLE,original source text only; not independent conversational gold,overlap: speaker/permutation lexical scoring; activity is estimated,False
S45_09_14,F09,Near table speech and distant outsider,Arise Kitchen Main Table,"[""Common Voice""]","[""self_reported_60plus_real_recording""]","[""CV_3b33694cdeb42c66d688"", ""CV_5bb2ca9b27ebe4cea0b5""]","[""background_talker"", ""target_or_conversation""]",development,complete_overlap,True,True,3,30,45,715127,16000,1,PCM_16,PCM_24,canonical_20260909T071736_0228fe,2705,2e54c778a3e9838273d716b6a649eeb69bb6b6e8926a6c6370234b5bb3f5795e,37d246b90bba3d11ea59dc2e42b497d531a9b1383f830120bf4f98cafd1965d9,1.4125375446227544,1.0,1.0,LOCAL_FULL_AUDIT,estimated 20ms grid; preserved source and mapping provenance,UNAVAILABLE,UNAVAILABLE,original source text only; not independent conversational gold,overlap: speaker/permutation lexical scoring; activity is estimated,False
S45_09_15,F09,Near table speech and distant outsider,Arise Kitchen Main Table,"[""HiFiTTS""]","[""clean"", ""other""]","[""HIFITTS_9136"", ""HIFITTS_92""]","[""background_talker"", ""target_or_conversation""]",development,complete_overlap,True,True,3,19,45,715127,16000,1,PCM_16,PCM_24,canonical_20260909T071736_0228fe,2705,41531fba132b3307e6cdf4b3240c4eae3c283ed35dcbc15cc96c9f84f267db0f,c27783f5a71e497b3438dcfa520fcddfcdce125f3f7d0effe87a0eb9c08fdb6b,1.4125375446227544,1.0,1.0,LOCAL_FULL_AUDIT,estimated 20ms grid; preserved source and mapping provenance,UNAVAILABLE,UNAVAILABLE,original source text only; not independent conversational gold,overlap: speaker/permutation lexical scoring; activity is estimated,True
S45_09_16,F09,Near table speech and distant outsider,Arise 5th floor low table,"[""CMU ARCTIC""]","[""studio_project_design""]","[""CMU_ARCTIC_bdl"", ""CMU_ARCTIC_clb""]","[""background_talker"", ""target_or_conversation""]",development,complete_overlap,True,True,3,30,45,715127,16000,1,PCM_16,PCM_24,canonical_20260909T071736_0228fe,2705,8f7ae0af222b7400cf6c3ee21bf65b7010d8a0452e28bc2fe1ad5401e2d2a39e,f91eb47175d0f17a59ca6576181dc6d1cb4d372feacfdbd52f204e1c7e9d1d1e,1.4125375446227544,1.0,1.0,LOCAL_FULL_AUDIT,estimated 20ms grid; preserved source and mapping provenance,UNAVAILABLE,UNAVAILABLE,original source text only; not independent conversational gold,overlap: speaker/permutation lexical scoring; activity is estimated,False
S45_09_17,F09,Near table speech and distant outsider,Arise Kitchen Main Table,"[""Common Voice""]","[""self_reported_60plus_real_recording""]","[""CV_6b5e3c9ca9030b7da6be"", ""CV_ba6b4113f6df628a21fe""]","[""background_talker"", ""target_or_conversation""]",downstream_reserve,complete_overlap,True,True,3,25,45,715127,16000,1,PCM_16,PCM_24,canonical_20260909T071736_0228fe,2705,e243d133b59cf6f9c49151fc2a1806934f87d3bdd864f3a183f81ce7780f0ec2,980cef969fe9b0c520908dfc0292b5754fe063ed4e305b0bf32e58241b3f1cf6,1.4125375446227544,1.0,1.0,LOCAL_FULL_AUDIT,estimated 20ms grid; preserved source and mapping provenance,UNAVAILABLE,UNAVAILABLE,original source text only; not independent conversational gold,overlap: speaker/permutation lexical scoring; activity is estimated,False
S45_09_18,F09,Near table speech and distant outsider,Arise Kitchen Main Table,"[""HiFiTTS""]","[""clean"", ""other""]","[""HIFITTS_8051"", ""HIFITTS_9017""]","[""background_talker"", ""target_or_conversation""]",downstream_reserve,complete_overlap,True,True,3,24,45,715127,16000,1,PCM_16,PCM_24,canonical_20260909T071736_0228fe,2705,c1d5cb0dc6571d2e655cd4772c3122978338b03962234a7076319cf584ff7849,fb94720c66ce8b37175ec54c67b09e3f69ab9810f04dc0c72092da0a174ad6dd,1.4125375446227544,1.0,1.0,LOCAL_FULL_AUDIT,estimated 20ms grid; preserved source and mapping provenance,UNAVAILABLE,UNAVAILABLE,original source text only; not independent conversational gold,overlap: speaker/permutation lexical scoring; activity is estimated,False
S45_09_19,F09,Near table speech and distant outsider,Arise 5th floor low table,"[""CMU ARCTIC""]","[""studio_project_design""]","[""CMU_ARCTIC_awb"", ""CMU_ARCTIC_slt""]","[""background_talker"", ""target_or_conversation""]",downstream_reserve,complete_overlap,True,True,3,26,45,715127,16000,1,PCM_16,PCM_24,canonical_20260909T071736_0228fe,2705,21e0628cbb33428f7a57af23e5c9212ab7eecb6cdc7ccbd6e69fe7c93ba50d68,f68d2ca799def30d4b697440242f2931795b37f5027c17bdf96cb23ac91be464,1.4125375446227544,1.0,1.0,LOCAL_FULL_AUDIT,estimated 20ms grid; preserved source and mapping provenance,UNAVAILABLE,UNAVAILABLE,original source text only; not independent conversational gold,overlap: speaker/permutation lexical scoring; activity is estimated,False
S45_09_20,F09,Near table speech and distant outsider,Arise Kitchen Main Table,"[""Common Voice""]","[""self_reported_60plus_real_recording""]","[""CV_6b5e3c9ca9030b7da6be"", ""CV_cb8bbb33611dc9825ccf""]","[""background_talker"", ""target_or_conversation""]",downstream_reserve,complete_overlap,True,True,3,26,45,715127,16000,1,PCM_16,PCM_24,canonical_20260909T071736_0228fe,2705,285698d13cb27206d8d106992b6a0cfade37ae2e8fd1bbee8b393fc1ed3bd679,9ff37bc5e258009fe66ba6e7ac0b1fcf728679dbbfc5fefca4b82da9e1bdf7c2,1.4125375446227544,1.0,1.0,LOCAL_FULL_AUDIT,estimated 20ms grid; preserved source and mapping provenance,UNAVAILABLE,UNAVAILABLE,original source text only; not independent conversational gold,overlap: speaker/permutation lexical scoring; activity is estimated,True
S45_10_01,F10,Localized nonspeech and transients,Arise 5th floor low table,"[""Common Voice""]","[""self_reported_60plus_real_recording""]","[""CV_6780c1e3d0bfe13078f7"", ""CV_8c9d6f14b797c3ffeb85""]","[""target_or_conversation""]",development,incomplete_ambient_reference,False,False,3,17,45,715127,16000,1,PCM_16,PCM_24,canonical_20260909T044122_18b754,2705,d95c95940753f1699deea6419119b6b5ebffadda534182af440b31e5dca5a126,fada82b424186c26785392122a584ba10ff80d6db837e041b178606b2374b2c6,1.4125375446227544,1.0,1.0,LOCAL_FULL_AUDIT,estimated 20ms grid; preserved source and mapping provenance,UNAVAILABLE,UNAVAILABLE,original source text only; not independent conversational gold,incomplete all-speaker truth: target-conditioned lexical scoring only,True
S45_10_02,F10,Localized nonspeech and transients,Arise 5th floor low table,"[""Common Voice""]","[""self_reported_60plus_real_recording""]","[""CV_6780c1e3d0bfe13078f7"", ""CV_8c9d6f14b797c3ffeb85""]","[""target_or_conversation""]",development,incomplete_ambient_reference,False,False,3,17,45,715127,16000,1,PCM_16,PCM_24,canonical_20260909T071736_0228fe,2705,0c0022877c1fcc20c1dc69a48768b0b43256244fd52d23f10e2774b033e6983c,7884679e42c6875bf3759d2ee251ca859804d8ff410ce459cc2a834136f7bb35,1.4125375446227544,1.0,1.0,LOCAL_FULL_AUDIT,estimated 20ms grid; preserved source and mapping provenance,UNAVAILABLE,UNAVAILABLE,original source text only; not independent conversational gold,incomplete all-speaker truth: target-conditioned lexical scoring only,False
S45_10_03,F10,Localized nonspeech and transients,Arise 5th floor low table,"[""Common Voice""]","[""self_reported_60plus_real_recording""]","[""CV_6780c1e3d0bfe13078f7"", ""CV_8c9d6f14b797c3ffeb85""]","[""target_or_conversation""]",development,incomplete_ambient_reference,False,False,3,17,45,715127,16000,1,PCM_16,PCM_24,canonical_20260909T044122_18b754,2705,cdb44c75f4302639a2b51cdbf8ba5dc2681777458b6dc7ac00c7ce1a96697b0a,e715b09fd39cd8d0fc3aba72c0a937bb026745ec75bd8ad9cef2f9e268d591a4,1.4125375446227544,1.0,1.0,LOCAL_FULL_AUDIT,estimated 20ms grid; preserved source and mapping provenance,UNAVAILABLE,UNAVAILABLE,original source text only; not independent conversational gold,incomplete all-speaker truth: target-conditioned lexical scoring only,False
S45_10_04,F10,Localized nonspeech and transients,Arise Kitchen Main Table,"[""HiFiTTS""]","[""other""]","[""HIFITTS_11614"", ""HIFITTS_11697""]","[""target_or_conversation""]",development,incomplete_ambient_reference,False,False,3,31,45,715127,16000,1,PCM_16,PCM_24,canonical_20260909T071736_0228fe,2705,c0d522c5356bc24e8b0ee15692671894ad97350c2482dc0c9982de4811a57393,78114b90d6251ff14ad48ad7c25f26d0fc4a13fe28d069d9afe6b273f8d25a8b,1.4125375446227544,1.0,1.0,LOCAL_FULL_AUDIT,estimated 20ms grid; preserved source and mapping provenance,UNAVAILABLE,UNAVAILABLE,original source text only; not independent conversational gold,incomplete all-speaker truth: target-conditioned lexical scoring only,False
S45_10_05,F10,Localized nonspeech and transients,Arise Kitchen Main Table,"[""HiFiTTS""]","[""other""]","[""HIFITTS_11614"", ""HIFITTS_11697""]","[""target_or_conversation""]",development,incomplete_ambient_reference,False,False,3,31,45,715127,16000,1,PCM_16,PCM_24,canonical_20260909T071736_0228fe,2705,41146e26d7843d79f3c630e09e5a5fa1695938ba8a8b6f7de8e3cdea7ee51f75,3892671ca2d9be9f5ee073d7c92f81aed9c859329bbca122dce62eccf5075234,1.4125375446227544,1.0,1.0,LOCAL_FULL_AUDIT,estimated 20ms grid; preserved source and mapping provenance,UNAVAILABLE,UNAVAILABLE,original source text only; not independent conversational gold,incomplete all-speaker truth: target-conditioned lexical scoring only,False
S45_10_06,F10,Localized nonspeech and transients,Arise Kitchen Main Table,"[""HiFiTTS""]","[""other""]","[""HIFITTS_11614"", ""HIFITTS_11697""]","[""target_or_conversation""]",development,incomplete_ambient_reference,False,False,3,31,45,715127,16000,1,PCM_16,PCM_24,canonical_20260909T071736_0228fe,2705,9253037755a9d9ecc3ece36a36b1c90f88eeb8b5b12f6efdee608a25daca0ba0,a6a7a6ed3ef50e43ac13b368a55fcecd9ae17bbad7b987b5420fa4ad2248cf2e,1.4125375446227544,1.0,1.0,LOCAL_FULL_AUDIT,estimated 20ms grid; preserved source and mapping provenance,UNAVAILABLE,UNAVAILABLE,original source text only; not independent conversational gold,incomplete all-speaker truth: target-conditioned lexical scoring only,True
S45_10_07,F10,Localized nonspeech and transients,Arise Floor 2 Kitchen,"[""CMU ARCTIC""]","[""studio_project_design""]","[""CMU_ARCTIC_eey"", ""CMU_ARCTIC_fem""]","[""target_or_conversation""]",development,incomplete_ambient_reference,False,False,3,27,45,715127,16000,1,PCM_16,PCM_24,canonical_20260909T071736_0228fe,2705,e67b01b738080e9577be3c1823c930afe366b0b9236cd90621f201481c1b287d,f7bae2730c97c31a51968e8a949995919fa80114b525eb3846181ee27dbce164,1.4125375446227544,1.0,1.0,LOCAL_FULL_AUDIT,estimated 20ms grid; preserved source and mapping provenance,UNAVAILABLE,UNAVAILABLE,original source text only; not independent conversational gold,incomplete all-speaker truth: target-conditioned lexical scoring only,False
S45_10_08,F10,Localized nonspeech and transients,Arise Floor 2 Kitchen,"[""CMU ARCTIC""]","[""studio_project_design""]","[""CMU_ARCTIC_eey"", ""CMU_ARCTIC_fem""]","[""target_or_conversation""]",development,incomplete_ambient_reference,False,False,3,27,45,715127,16000,1,PCM_16,PCM_24,canonical_20260909T071736_0228fe,2705,a550e64ba4297151484be72cd74f0057364dfd9d922f48a012487f6e9195c879,1b0648d68e3fa542fb6797a5fec84f77445854b19bcd4014a41fdd4a2c1b96d7,1.4125375446227544,1.0,1.0,LOCAL_FULL_AUDIT,estimated 20ms grid; preserved source and mapping provenance,UNAVAILABLE,UNAVAILABLE,original source text only; not independent conversational gold,incomplete all-speaker truth: target-conditioned lexical scoring only,True
S45_10_09,F10,Localized nonspeech and transients,Arise Floor 2 Kitchen,"[""CMU ARCTIC""]","[""studio_project_design""]","[""CMU_ARCTIC_eey"", ""CMU_ARCTIC_fem""]","[""target_or_conversation""]",development,incomplete_ambient_reference,False,False,3,27,45,715127,16000,1,PCM_16,PCM_24,canonical_20260909T071736_0228fe,2705,5c8c7407917dffaed75879865b48193ad618cbf298926b5c664af133e8e6f834,01ffe94c6a00e3bc3d93a4122330570d1c072003a005846b5a1f0916fbdc3e90,1.4125375446227544,1.0,1.0,LOCAL_FULL_AUDIT,estimated 20ms grid; preserved source and mapping provenance,UNAVAILABLE,UNAVAILABLE,original source text only; not independent conversational gold,incomplete all-speaker truth: target-conditioned lexical scoring only,False
S45_10_10,F10,Localized nonspeech and transients,Library Conference Room,"[""Common Voice""]","[""self_reported_60plus_real_recording""]","[""CV_bc25d4fe155478871b18"", ""CV_c86d546169ef5ac0dbe9""]","[""target_or_conversation""]",development,incomplete_ambient_reference,False,False,3,24,45,715127,16000,1,PCM_16,PCM_24,canonical_20260909T071736_0228fe,2705,93bd5534609f4a4188ebef89bb06063ffc851a610414c9cacd8a9de2c1babfd5,4132c1036e004ee16d0bcd5c4336df4088ba5a6070cd7c59a540a667fe0239ab,1.4125375446227544,1.0,1.0,LOCAL_FULL_AUDIT,estimated 20ms grid; preserved source and mapping provenance,UNAVAILABLE,UNAVAILABLE,original source text only; not independent conversational gold,incomplete all-speaker truth: target-conditioned lexical scoring only,False
S45_10_11,F10,Localized nonspeech and transients,Library Conference Room,"[""Common Voice""]","[""self_reported_60plus_real_recording""]","[""CV_bc25d4fe155478871b18"", ""CV_c86d546169ef5ac0dbe9""]","[""target_or_conversation""]",development,incomplete_ambient_reference,False,False,3,24,45,715127,16000,1,PCM_16,PCM_24,canonical_20260909T071736_0228fe,2705,f9a8507a7a530b9e010ab75251e12e4d5d72790cb812cd0c44ad572a7aa26bc5,537946d4765bd6fdcb811eb767e6f0df60e28b0d7be7f173eba7a777e7f6f0ea,1.4125375446227544,1.0,1.0,LOCAL_FULL_AUDIT,estimated 20ms grid; preserved source and mapping provenance,UNAVAILABLE,UNAVAILABLE,original source text only; not independent conversational gold,incomplete all-speaker truth: target-conditioned lexical scoring only,False
S45_10_12,F10,Localized nonspeech and transients,Library Conference Room,"[""Common Voice""]","[""self_reported_60plus_real_recording""]","[""CV_bc25d4fe155478871b18"", ""CV_c86d546169ef5ac0dbe9""]","[""target_or_conversation""]",development,incomplete_ambient_reference,False,False,3,24,45,715127,16000,1,PCM_16,PCM_24,canonical_20260909T071736_0228fe,2705,0fd5ac67c0d321d91f67d7eac77da7fdb513f5b59042af0e16cef331e6aa3319,477d6ae0e966fddbdb7459d2249418307ea6aade34d93df94a9481fca6aef979,1.4125375446227544,1.0,1.0,LOCAL_FULL_AUDIT,estimated 20ms grid; preserved source and mapping provenance,UNAVAILABLE,UNAVAILABLE,original source text only; not independent conversational gold,incomplete all-speaker truth: target-conditioned lexical scoring only,False
S45_10_13,F10,Localized nonspeech and transients,Arise Kitchen Main Table,"[""HiFiTTS""]","[""clean"", ""other""]","[""HIFITTS_12787"", ""HIFITTS_6097""]","[""target_or_conversation""]",development,incomplete_ambient_reference,False,False,3,25,45,715127,16000,1,PCM_16,PCM_24,canonical_20260909T071736_0228fe,2705,b6bc64d46af24da18f2fd8b7038aaafd59c7f81e6f68d6c8b2c4a4f993ae4d39,47ee8c3947f03aac74778352eea531f02f7e4cb22e361f6215ee71587fc5fe9e,1.4125375446227544,1.0,1.0,LOCAL_FULL_AUDIT,estimated 20ms grid; preserved source and mapping provenance,UNAVAILABLE,UNAVAILABLE,original source text only; not independent conversational gold,incomplete all-speaker truth: target-conditioned lexical scoring only,False
S45_10_14,F10,Localized nonspeech and transients,Arise Kitchen Main Table,"[""HiFiTTS""]","[""clean"", ""other""]","[""HIFITTS_12787"", ""HIFITTS_6097""]","[""target_or_conversation""]",development,incomplete_ambient_reference,False,False,3,25,45,715127,16000,1,PCM_16,PCM_24,canonical_20260909T071736_0228fe,2705,a09d713a48ccab3f291a1d29691de39edb53c8ee98682bdb0d125bea100acf4a,8a5f82414adc7b8a7f8afaad7fc31a3b44a3771d65f70dd7847999f7a8703213,1.4125375446227544,1.0,1.0,LOCAL_FULL_AUDIT,estimated 20ms grid; preserved source and mapping provenance,UNAVAILABLE,UNAVAILABLE,original source text only; not independent conversational gold,incomplete all-speaker truth: target-conditioned lexical scoring only,False
S45_10_15,F10,Localized nonspeech and transients,Arise Kitchen Main Table,"[""HiFiTTS""]","[""clean"", ""other""]","[""HIFITTS_12787"", ""HIFITTS_6097""]","[""target_or_conversation""]",development,incomplete_ambient_reference,False,False,3,25,45,715127,16000,1,PCM_16,PCM_24,canonical_20260909T071736_0228fe,2705,ed2c2f898ad1cffb69c5f9e1c3027275fb60e3d7060ba3b1fd5c212aac04d4bf,45b2ec8ac43c81ef2c3ec213b785d8749280106822f295e003134307b4bd5947,1.4125375446227544,1.0,1.0,LOCAL_FULL_AUDIT,estimated 20ms grid; preserved source and mapping provenance,UNAVAILABLE,UNAVAILABLE,original source text only; not independent conversational gold,incomplete all-speaker truth: target-conditioned lexical scoring only,False
S45_10_16,F10,Localized nonspeech and transients,Arise 5th floor low table,"[""Common Voice""]","[""self_reported_60plus_real_recording""]","[""CV_ba6b4113f6df628a21fe"", ""CV_cb8bbb33611dc9825ccf""]","[""target_or_conversation""]",downstream_reserve,incomplete_ambient_reference,False,False,3,19,45,715127,16000,1,PCM_16,PCM_24,canonical_20260909T071736_0228fe,2705,7a5859a5da15d353ddcffaa8fcc030b9cc5642a2de7e166ca63791cde37c5524,0e27940226d98f763fffa7cea274c75a902953d6e815627826179ef2630ef627,1.4125375446227544,1.0,1.0,LOCAL_FULL_AUDIT,estimated 20ms grid; preserved source and mapping provenance,UNAVAILABLE,UNAVAILABLE,original source text only; not independent conversational gold,incomplete all-speaker truth: target-conditioned lexical scoring only,False
S45_10_17,F10,Localized nonspeech and transients,Arise Floor 2 Kitchen,"[""HiFiTTS""]","[""clean"", ""other""]","[""HIFITTS_8051"", ""HIFITTS_9017""]","[""target_or_conversation""]",downstream_reserve,incomplete_ambient_reference,False,False,3,35,45,715127,16000,1,PCM_16,PCM_24,canonical_20260909T071736_0228fe,2705,5fe3702a1317337bb5b8075f6bc9997fbeff5b64eceb72623c5af8edde42b411,fd431fc5c03a4d192084f4581a5066fe36ff51e7b03f5fbd9e15a501854bcf57,1.4125375446227544,1.0,1.0,LOCAL_FULL_AUDIT,estimated 20ms grid; preserved source and mapping provenance,UNAVAILABLE,UNAVAILABLE,original source text only; not independent conversational gold,incomplete all-speaker truth: target-conditioned lexical scoring only,False
S45_10_18,F10,Localized nonspeech and transients,Upper Loeb,"[""CMU ARCTIC""]","[""studio_project_design""]","[""CMU_ARCTIC_gka"", ""CMU_ARCTIC_jmk""]","[""target_or_conversation""]",development,incomplete_ambient_reference,False,False,3,18,45,715127,16000,1,PCM_16,PCM_24,canonical_20260909T071736_0228fe,2705,03742396a22789c5fb1a9e320d05d1b5b50a3c78a565ff9ef1ea0df1220fc7db,5e0b480d37ea6abf9538dab045440ac50b94cfca2ff2735ffbfca8aa8f03002e,1.4125375446227544,1.0,1.0,LOCAL_FULL_AUDIT,estimated 20ms grid; preserved source and mapping provenance,UNAVAILABLE,UNAVAILABLE,original source text only; not independent conversational gold,incomplete all-speaker truth: target-conditioned lexical scoring only,False
S45_10_19,F10,Localized nonspeech and transients,Upper Loeb,"[""Common Voice""]","[""self_reported_60plus_real_recording""]","[""CV_d3c1e11354306288eba3"", ""CV_da7630c05ea3de5a8b18""]","[""target_or_conversation""]",development,incomplete_ambient_reference,False,False,3,22,45,715127,16000,1,PCM_16,PCM_24,canonical_20260909T071736_0228fe,2705,6c910f04e57cf5df3da7af6a76a07825b5a609fcda06e901dcf5058474ad7f60,436c358cefae568c2d0f54a8aaa0a1478ef286b4bc9724c4fda7e0c5f7b6ae6b,1.4125375446227544,1.0,1.0,LOCAL_FULL_AUDIT,estimated 20ms grid; preserved source and mapping provenance,UNAVAILABLE,UNAVAILABLE,original source text only; not independent conversational gold,incomplete all-speaker truth: target-conditioned lexical scoring only,False
S45_10_20,F10,Localized nonspeech and transients,Upper Loeb,"[""HiFiTTS""]","[""clean"", ""other""]","[""HIFITTS_8051"", ""HIFITTS_9017""]","[""target_or_conversation""]",downstream_reserve,incomplete_ambient_reference,False,False,3,33,45,715127,16000,1,PCM_16,PCM_24,canonical_20260909T071736_0228fe,2705,a4a94532c639ade07f4fc9965a53c83152d71c471c504083046289325760bb56,3db42273d7674f5ce75e7ccceb1d9229b1f0a5201a68c065e50cacc864392a84,1.4125375446227544,1.0,1.0,LOCAL_FULL_AUDIT,estimated 20ms grid; preserved source and mapping provenance,UNAVAILABLE,UNAVAILABLE,original source text only; not independent conversational gold,incomplete all-speaker truth: target-conditioned lexical scoring only,True
S45_11_01,F11,Multipoint ambience babble and music proxies,Arise Floor 2 Kitchen,"[""HiFiTTS""]","[""other""]","[""HIFITTS_6670"", ""HIFITTS_6671"", ""HIFITTS_9136""]","[""background_talker"", ""target_or_conversation""]",development,complete_overlap,True,True,4,37,45,715127,16000,1,PCM_16,PCM_24,canonical_20260909T044122_18b754,2705,8441f01fdb914d263925e54ef18964bf8fa3d7728482fd3fbfb470265718b545,8b8d513c043b2680e82f998a37ea47f0c30884a3f99134c6343673a454814ecf,1.4125375446227544,1.0,1.0,LOCAL_FULL_AUDIT,estimated 20ms grid; preserved source and mapping provenance,UNAVAILABLE,UNAVAILABLE,original source text only; not independent conversational gold,overlap: speaker/permutation lexical scoring; activity is estimated,False
S45_11_02,F11,Multipoint ambience babble and music proxies,Arise Kitchen Main Table,"[""CMU ARCTIC""]","[""studio_project_design""]","[""CMU_ARCTIC_ksp"", ""CMU_ARCTIC_ljm""]","[""background_talker"", ""target_or_conversation""]",development,incomplete_ambient_reference,False,False,4,36,45,715127,16000,1,PCM_16,PCM_24,canonical_20260909T071736_0228fe,2705,b92837e51ad9a07278f177a4b88cf9bbd343bb959af31c732875f7e8b510be66,f8f2171b5ebd474bb5dae842acd7ee22c5b9cf8ea6a1dbac7d1c6144c92fc929,1.4125375446227544,1.0,1.0,LOCAL_FULL_AUDIT,estimated 20ms grid; preserved source and mapping provenance,UNAVAILABLE,UNAVAILABLE,original source text only; not independent conversational gold,incomplete all-speaker truth: target-conditioned lexical scoring only,False
S45_11_03,F11,Multipoint ambience babble and music proxies,Arise Kitchen Main Table,"[""Common Voice""]","[""self_reported_60plus_real_recording""]","[""CV_e2570918d433fe70613d"", ""CV_f82fc5dd15117edcfe9a""]","[""background_talker"", ""target_or_conversation""]",development,complete_nonoverlap,True,False,4,29,45,715127,16000,1,PCM_16,PCM_24,canonical_20260909T071736_0228fe,2705,5de2292672cac211a46c14d8d9fc7d22178f6f70d4355adc0a5eb285dda400a2,76e4f1e0639b567a97bbffa7d3b8fefffca6e791522acd58f384f11d56947e37,1.4125375446227544,1.0,1.0,LOCAL_FULL_AUDIT,estimated 20ms grid; preserved source and mapping provenance,UNAVAILABLE,UNAVAILABLE,original source text only; not independent conversational gold,lexical scoring supported; timing/activity approximate,False
S45_11_04,F11,Multipoint ambience babble and music proxies,Library Conference Room,"[""HiFiTTS""]","[""clean"", ""other""]","[""HIFITTS_11614"", ""HIFITTS_11697"", ""HIFITTS_92""]","[""background_talker"", ""target_or_conversation""]",development,complete_overlap,True,True,4,40,45,715127,16000,1,PCM_16,PCM_24,canonical_20260909T071736_0228fe,2705,6421d8b13318e5f2be22f5803a3cb38d2c4f91e9c926a53c72d5115096a364f4,9bc49ca1c6a46715814f3b2495a273bfee36d4efdc96892a70ca3ff52670593b,1.4125375446227544,1.0,1.0,LOCAL_FULL_AUDIT,estimated 20ms grid; preserved source and mapping provenance,UNAVAILABLE,UNAVAILABLE,original source text only; not independent conversational gold,overlap: speaker/permutation lexical scoring; activity is estimated,False
S45_11_05,F11,Multipoint ambience babble and music proxies,Arise 5th floor low table,"[""CMU ARCTIC""]","[""studio_project_design""]","[""CMU_ARCTIC_lnh"", ""CMU_ARCTIC_rms""]","[""background_talker"", ""target_or_conversation""]",development,complete_nonoverlap,True,False,4,26,45,715127,16000,1,PCM_16,PCM_24,canonical_20260909T044122_18b754,2705,96b1370b21627934ef938f6d9739ed7ad4c6b237a7c3dad3fd2b4e498e9fe240,a868504602cfb4705392b6cfa978bdfd2303529aeac1de1c1ae71e7eb757f76b,1.4125375446227544,1.0,1.0,LOCAL_FULL_AUDIT,estimated 20ms grid; preserved source and mapping provenance,UNAVAILABLE,UNAVAILABLE,original source text only; not independent conversational gold,lexical scoring supported; timing/activity approximate,False
S45_11_06,F11,Multipoint ambience babble and music proxies,Arise Floor 2 Kitchen,"[""Common Voice""]","[""self_reported_60plus_real_recording""]","[""CV_0ec4d6799c8c83a9a047"", ""CV_2abbf1ec09fa0aeb6d9b""]","[""background_talker"", ""target_or_conversation""]",development,complete_nonoverlap,True,False,4,47,45,715127,16000,1,PCM_16,PCM_24,canonical_20260909T071736_0228fe,2705,0ef0755e3cd964ac75b179503bfc1cc5c81b7ecb003ba6cd9dced2ce012ae896,6d507b7928a1568bb6ba2b06fdc2a8be78da376c425c6d001fa3639d0d7f491d,1.4125375446227544,1.0,1.0,LOCAL_FULL_AUDIT,estimated 20ms grid; preserved source and mapping provenance,UNAVAILABLE,UNAVAILABLE,original source text only; not independent conversational gold,lexical scoring supported; timing/activity approximate,False
S45_11_07,F11,Multipoint ambience babble and music proxies,Arise Kitchen Main Table,"[""HiFiTTS""]","[""clean"", ""other""]","[""HIFITTS_12787"", ""HIFITTS_6097"", ""HIFITTS_6670""]","[""background_talker"", ""target_or_conversation""]",development,complete_overlap,True,True,4,60,45,715127,16000,1,PCM_16,PCM_24,canonical_20260909T071736_0228fe,2705,a2989e15a50b7d0ce1d0e3220d39c352164cece18dbcd07dfac49100092b1945,3827db30eb8b01cb5ef475a06edd69812e30d4f1464b5b01900762d095fd7634,1.4125375446227544,1.0,1.0,LOCAL_FULL_AUDIT,estimated 20ms grid; preserved source and mapping provenance,UNAVAILABLE,UNAVAILABLE,original source text only; not independent conversational gold,overlap: speaker/permutation lexical scoring; activity is estimated,False
S45_11_08,F11,Multipoint ambience babble and music proxies,Arise Kitchen Main Table,"[""CMU ARCTIC""]","[""studio_project_design""]","[""CMU_ARCTIC_aew"", ""CMU_ARCTIC_slp""]","[""background_talker"", ""target_or_conversation""]",development,incomplete_ambient_reference,False,False,4,35,45,715127,16000,1,PCM_16,PCM_24,canonical_20260909T071736_0228fe,2705,0ee725685487a4824ea0a54f75f08f0f529c6582b04964944a4dfc9fb017e92e,e05ead2b2316764c535e3abc9e09610cf6e1d51ce80106d725ca6a9feef8fd19,1.4125375446227544,1.0,1.0,LOCAL_FULL_AUDIT,estimated 20ms grid; preserved source and mapping provenance,UNAVAILABLE,UNAVAILABLE,original source text only; not independent conversational gold,incomplete all-speaker truth: target-conditioned lexical scoring only,True
S45_11_09,F11,Multipoint ambience babble and music proxies,Library Conference Room,"[""Common Voice""]","[""self_reported_60plus_real_recording""]","[""CV_3b33694cdeb42c66d688"", ""CV_5bb2ca9b27ebe4cea0b5""]","[""background_talker"", ""target_or_conversation""]",development,complete_nonoverlap,True,False,4,43,45,715127,16000,1,PCM_16,PCM_24,canonical_20260909T071736_0228fe,2705,bdaaaf67e06ecb21b05c362daba1b4113f722ee6f4596627d4eb88f46746ec46,462b78ed38eeefc21bf28b3ee706edd0524936799c2450d6d8e43f794bdc5927,1.4125375446227544,1.0,1.0,LOCAL_FULL_AUDIT,estimated 20ms grid; preserved source and mapping provenance,UNAVAILABLE,UNAVAILABLE,original source text only; not independent conversational gold,lexical scoring supported; timing/activity approximate,False
S45_11_10,F11,Multipoint ambience babble and music proxies,Arise 5th floor low table,"[""HiFiTTS""]","[""clean"", ""other""]","[""HIFITTS_6671"", ""HIFITTS_9136"", ""HIFITTS_92""]","[""background_talker"", ""target_or_conversation""]",development,complete_overlap,True,True,4,46,45,715127,16000,1,PCM_16,PCM_24,canonical_20260909T071736_0228fe,2705,9343ee070f7eaeafdf53d4aea910ff8771092ea0d0987eff175ff163182d9900,fb90e8d90507c1af10239aef73baff2b2f8f779efeadc123f7b8acbc2cabfa45,1.4125375446227544,1.0,1.0,LOCAL_FULL_AUDIT,estimated 20ms grid; preserved source and mapping provenance,UNAVAILABLE,UNAVAILABLE,original source text only; not independent conversational gold,overlap: speaker/permutation lexical scoring; activity is estimated,False
S45_11_11,F11,Multipoint ambience babble and music proxies,Arise Floor 2 Kitchen,"[""CMU ARCTIC""]","[""studio_project_design""]","[""CMU_ARCTIC_ahw"", ""CMU_ARCTIC_aup""]","[""background_talker"", ""target_or_conversation""]",development,incomplete_ambient_reference,False,False,4,43,45,715127,16000,1,PCM_16,PCM_24,canonical_20260909T071736_0228fe,2705,274ec97b8c2df7188fd77723dd125ba54d4ed2d1c8353c4f1873506af90ce408,8c8f478a66f975ada5c5cc9cd2116acadde9dc3a86c7def0c3cbebc796843c3f,1.4125375446227544,1.0,1.0,LOCAL_FULL_AUDIT,estimated 20ms grid; preserved source and mapping provenance,UNAVAILABLE,UNAVAILABLE,original source text only; not independent conversational gold,incomplete all-speaker truth: target-conditioned lexical scoring only,False
S45_11_12,F11,Multipoint ambience babble and music proxies,Arise Kitchen Main Table,"[""Common Voice""]","[""self_reported_60plus_real_recording""]","[""CV_6780c1e3d0bfe13078f7"", ""CV_8c9d6f14b797c3ffeb85""]","[""background_talker"", ""target_or_conversation""]",development,complete_nonoverlap,True,False,4,26,45,715127,16000,1,PCM_16,PCM_24,canonical_20260909T071736_0228fe,2705,9cabf5117aa31c98721d63c417b9d5fa5f2d547acac6d023533499a331e7dca5,abd6320289b8fb30cc5c3315de32c7f4c08d5909e135bf45405b02419ba33c4c,1.4125375446227544,1.0,1.0,LOCAL_FULL_AUDIT,estimated 20ms grid; preserved source and mapping provenance,UNAVAILABLE,UNAVAILABLE,original source text only; not independent conversational gold,lexical scoring supported; timing/activity approximate,False
S45_11_13,F11,Multipoint ambience babble and music proxies,Arise Kitchen Main Table,"[""HiFiTTS""]","[""other""]","[""HIFITTS_11614"", ""HIFITTS_11697"", ""HIFITTS_12787""]","[""background_talker"", ""target_or_conversation""]",development,complete_overlap,True,True,4,46,45,715127,16000,1,PCM_16,PCM_24,canonical_20260909T071736_0228fe,2705,8c5fb0dca953164408fec51a322004ce4636858677c2219e5f4b5e8d3f48d9f3,ef173947c6a2bf152a78d0883c169c706b2a787e5cf99a711d362d0fe5beffcf,1.4125375446227544,1.0,1.0,LOCAL_FULL_AUDIT,estimated 20ms grid; preserved source and mapping provenance,UNAVAILABLE,UNAVAILABLE,original source text only; not independent conversational gold,overlap: speaker/permutation lexical scoring; activity is estimated,False
S45_11_14,F11,Multipoint ambience babble and music proxies,Library Conference Room,"[""CMU ARCTIC""]","[""studio_project_design""]","[""CMU_ARCTIC_bdl"", ""CMU_ARCTIC_clb""]","[""background_talker"", ""target_or_conversation""]",development,incomplete_ambient_reference,False,False,4,42,45,715127,16000,1,PCM_16,PCM_24,canonical_20260909T071736_0228fe,2705,5e169b07fad53a286ec9ee551437a7238c091f7860758f82602cb817eb8621b9,04ee119b47b7a1eeb13509757834f9e7ed6caec423b5b3d4438f98d35143155a,1.4125375446227544,1.0,1.0,LOCAL_FULL_AUDIT,estimated 20ms grid; preserved source and mapping provenance,UNAVAILABLE,UNAVAILABLE,original source text only; not independent conversational gold,incomplete all-speaker truth: target-conditioned lexical scoring only,False
S45_11_15,F11,Multipoint ambience babble and music proxies,Arise 5th floor low table,"[""Common Voice""]","[""self_reported_60plus_real_recording""]","[""CV_bc25d4fe155478871b18"", ""CV_c86d546169ef5ac0dbe9""]","[""background_talker"", ""target_or_conversation""]",development,complete_nonoverlap,True,False,4,34,45,715127,16000,1,PCM_16,PCM_24,canonical_20260909T071736_0228fe,2705,febf67c3edd379e3ae4cf715e60a3e709dfac32939a60b9b3f9740407b922e00,100e45472208b4c91e9a31314134380fc1f80626ac0cc2bee322dde7686a23c4,1.4125375446227544,1.0,1.0,LOCAL_FULL_AUDIT,estimated 20ms grid; preserved source and mapping provenance,UNAVAILABLE,UNAVAILABLE,original source text only; not independent conversational gold,lexical scoring supported; timing/activity approximate,True
S45_11_16,F11,Multipoint ambience babble and music proxies,Arise Floor 2 Kitchen,"[""HiFiTTS""]","[""clean"", ""other""]","[""HIFITTS_8051"", ""HIFITTS_9017""]","[""background_talker"", ""target_or_conversation""]",downstream_reserve,complete_overlap,True,True,4,41,45,715127,16000,1,PCM_16,PCM_24,canonical_20260909T071736_0228fe,2705,d52aad8225723bf483df66aa4293e7ece83e07e609916c6e18a56622ffd3babd,930ba98a65ce2e5109f976afc195a1bb4bb5fc7fddf5b85810592ca325840306,1.4125375446227544,1.0,1.0,LOCAL_FULL_AUDIT,estimated 20ms grid; preserved source and mapping provenance,UNAVAILABLE,UNAVAILABLE,original source text only; not independent conversational gold,overlap: speaker/permutation lexical scoring; activity is estimated,True
S45_11_17,F11,Multipoint ambience babble and music proxies,Arise Kitchen Main Table,"[""CMU ARCTIC""]","[""studio_project_design""]","[""CMU_ARCTIC_axb"", ""CMU_ARCTIC_rxr""]","[""background_talker"", ""target_or_conversation""]",downstream_reserve,incomplete_ambient_reference,False,False,4,41,45,715127,16000,1,PCM_16,PCM_24,canonical_20260909T071736_0228fe,2705,ee242bb1e495ce025ffba27fcddcbbf6ecb863cbbb2594f2db9ae64d4f03dab0,b2546c86ec2e194626e5c01dbc8afff2b67188c00432af80d932fa4024b99205,1.4125375446227544,1.0,1.0,LOCAL_FULL_AUDIT,estimated 20ms grid; preserved source and mapping provenance,UNAVAILABLE,UNAVAILABLE,original source text only; not independent conversational gold,incomplete all-speaker truth: target-conditioned lexical scoring only,False
S45_11_18,F11,Multipoint ambience babble and music proxies,Upper Loeb,"[""Common Voice""]","[""self_reported_60plus_real_recording""]","[""CV_d3c1e11354306288eba3"", ""CV_da7630c05ea3de5a8b18""]","[""background_talker"", ""target_or_conversation""]",development,complete_nonoverlap,True,False,4,36,45,715127,16000,1,PCM_16,PCM_24,canonical_20260909T071736_0228fe,2705,8bd36f9188c67e17e7acc02ee5ed213a45d38f78c33f22f260a34a3d77d59169,349c9795c700a21d54b71c62fb4e9f071938a29e537aadebf761cc161f24dbf1,1.4125375446227544,1.0,1.0,LOCAL_FULL_AUDIT,estimated 20ms grid; preserved source and mapping provenance,UNAVAILABLE,UNAVAILABLE,original source text only; not independent conversational gold,lexical scoring supported; timing/activity approximate,False
S45_11_19,F11,Multipoint ambience babble and music proxies,Upper Loeb,"[""HiFiTTS""]","[""clean"", ""other""]","[""HIFITTS_6097"", ""HIFITTS_6670"", ""HIFITTS_6671""]","[""background_talker"", ""target_or_conversation""]",development,complete_overlap,True,True,4,54,45,715127,16000,1,PCM_16,PCM_24,canonical_20260909T071736_0228fe,2705,0344a969d62bb32afded993dc3748aebccd295dd0c0ab8952918141ed6e1f14f,f768491a8013a69d3e1c32b1b03f5a3fcba0b815a32dc08881611fbbd0b36553,1.4125375446227544,1.0,1.0,LOCAL_FULL_AUDIT,estimated 20ms grid; preserved source and mapping provenance,UNAVAILABLE,UNAVAILABLE,original source text only; not independent conversational gold,overlap: speaker/permutation lexical scoring; activity is estimated,False
S45_11_20,F11,Multipoint ambience babble and music proxies,Upper Loeb,"[""CMU ARCTIC""]","[""studio_project_design""]","[""CMU_ARCTIC_awb"", ""CMU_ARCTIC_slt""]","[""background_talker"", ""target_or_conversation""]",downstream_reserve,incomplete_ambient_reference,False,False,4,35,45,715127,16000,1,PCM_16,PCM_24,canonical_20260909T071736_0228fe,2705,bada32ce2d850feb7eabf959b78694e0850812628fe8249d255b616969c4b317,b39dd95617913f2394cdaff7407f992ef3fcd25bbbc9c2422ffeaa641b0a9790,1.4125375446227544,1.0,1.0,LOCAL_FULL_AUDIT,estimated 20ms grid; preserved source and mapping provenance,UNAVAILABLE,UNAVAILABLE,original source text only; not independent conversational gold,incomplete all-speaker truth: target-conditioned lexical scoring only,True
S45_12_01,F12,Noise-only silence and paired speech-in-noise,Arise Kitchen Main Table,[],[],[],[],development,empty_control,True,False,0,0,45,715127,16000,1,PCM_16,PCM_24,canonical_20260909T044122_18b754,2705,c6168304cbf2b42c1e1753723f09493b87f4700e1e0e323be6877ede6e488b05,dfbd107bd63c8782d7175461bef92215ad7336e8ab8659f8a258a8ca470f853b,1.4125375446227544,1.0,1.0,LOCAL_FULL_AUDIT,estimated 20ms grid; preserved source and mapping provenance,UNAVAILABLE,UNAVAILABLE,original source text only; not independent conversational gold,empty: insertion/hallucination controls only; no WER denominator,False
S45_12_02,F12,Noise-only silence and paired speech-in-noise,Arise Kitchen Main Table,"[""CMU ARCTIC""]","[""studio_project_design""]","[""CMU_ARCTIC_eey"", ""CMU_ARCTIC_fem""]","[""target_or_conversation""]",development,complete_nonoverlap,True,False,3,30,45,715127,16000,1,PCM_16,PCM_24,canonical_20260909T071736_0228fe,2705,5b3e285752eaa10176f6fb86166c01445d1890406244e6fe4a173663bb1a5f90,cc75cde3412c105d7004f6a274385870ecd29cff91cbe38706b3e4f22364c161,1.4125375446227544,1.0,1.0,LOCAL_FULL_AUDIT,estimated 20ms grid; preserved source and mapping provenance,UNAVAILABLE,UNAVAILABLE,original source text only; not independent conversational gold,lexical scoring supported; timing/activity approximate,True
S45_12_03,F12,Noise-only silence and paired speech-in-noise,Library Conference Room,[],[],[],[],development,empty_control,True,False,0,0,45,715127,16000,1,PCM_16,PCM_24,canonical_20260909T071736_0228fe,2705,1d0a9e0248314f3871a3e588267c626a6c8c88d0241e2b4aa023d23883dceedd,63da0a9f41605b1ab72b7091e9d489864d148bfb05b5132b0a6f30e60d290a72,1.4125375446227544,1.0,1.0,LOCAL_FULL_AUDIT,estimated 20ms grid; preserved source and mapping provenance,UNAVAILABLE,UNAVAILABLE,original source text only; not independent conversational gold,empty: insertion/hallucination controls only; no WER denominator,False
S45_12_04,F12,Noise-only silence and paired speech-in-noise,Library Conference Room,"[""HiFiTTS""]","[""clean"", ""other""]","[""HIFITTS_9136"", ""HIFITTS_92""]","[""target_or_conversation""]",development,complete_nonoverlap,True,False,3,33,45,715127,16000,1,PCM_16,PCM_24,canonical_20260909T071736_0228fe,2705,e2ad03223e9d3cf033ea0988dbfc04cc597cf35d8b4986ebd3cfe8f7b07a1c07,afbe4d9e39bcd657793f31aa6d88cdfdb7a33ddda7a6c6cbc93f3b46331e645a,1.4125375446227544,1.0,1.0,LOCAL_FULL_AUDIT,estimated 20ms grid; preserved source and mapping provenance,UNAVAILABLE,UNAVAILABLE,original source text only; not independent conversational gold,lexical scoring supported; timing/activity approximate,True
S45_12_05,F12,Noise-only silence and paired speech-in-noise,Arise Floor 2 Kitchen,[],[],[],[],development,empty_control,True,False,0,0,45,715127,16000,1,PCM_16,PCM_24,canonical_20260909T071736_0228fe,2705,a7cf66c337aeb5c76b2e49e6db8d8685e7dd698c0670643e613443eb70c8c57f,5be8edb3e7b5b062653892d0e5606d3b481879cb8d133649369427fd6c984ef9,1.4125375446227544,1.0,1.0,LOCAL_FULL_AUDIT,estimated 20ms grid; preserved source and mapping provenance,UNAVAILABLE,UNAVAILABLE,original source text only; not independent conversational gold,empty: insertion/hallucination controls only; no WER denominator,False
S45_12_06,F12,Noise-only silence and paired speech-in-noise,Arise Floor 2 Kitchen,"[""Common Voice""]","[""self_reported_60plus_real_recording""]","[""CV_e2570918d433fe70613d"", ""CV_f82fc5dd15117edcfe9a""]","[""target_or_conversation""]",development,complete_nonoverlap,True,False,3,23,45,715127,16000,1,PCM_16,PCM_24,canonical_20260909T071736_0228fe,2705,fcd4605c9980b0698da8139034da80ccd005e1d9a70460c32d563c164fc880bf,bb65b1ab16210ed24476f6c0314d241c1509fb81d0fb022ea4c0fc987692dd45,1.4125375446227544,1.0,1.0,LOCAL_FULL_AUDIT,estimated 20ms grid; preserved source and mapping provenance,UNAVAILABLE,UNAVAILABLE,original source text only; not independent conversational gold,lexical scoring supported; timing/activity approximate,True
S45_12_07,F12,Noise-only silence and paired speech-in-noise,Arise Kitchen Main Table,[],[],[],[],development,empty_control,True,False,0,0,45,715127,16000,1,PCM_16,PCM_24,canonical_20260909T071736_0228fe,2705,1c5c123b2c9106e5693be634424a9171d95777cd3a8981a65fca14e9df84a2a6,7272cdf7acce0161db552ea45942e5ba82bd272bc8545a8f473783a012d60aa9,1.4125375446227544,1.0,1.0,LOCAL_FULL_AUDIT,estimated 20ms grid; preserved source and mapping provenance,UNAVAILABLE,UNAVAILABLE,original source text only; not independent conversational gold,empty: insertion/hallucination controls only; no WER denominator,False
S45_12_08,F12,Noise-only silence and paired speech-in-noise,Arise Kitchen Main Table,"[""CMU ARCTIC""]","[""studio_project_design""]","[""CMU_ARCTIC_gka"", ""CMU_ARCTIC_jmk""]","[""target_or_conversation""]",development,complete_nonoverlap,True,False,3,34,45,715127,16000,1,PCM_16,PCM_24,canonical_20260909T071736_0228fe,2705,e496565ccef553454cce90c06ce427560c77460707b08fd756b2a735f5800381,6fac404b45315abae663a9f90017fb9cc8c658f1df76d90c0cdcb7f1f90da649,1.4125375446227544,1.0,1.0,LOCAL_FULL_AUDIT,estimated 20ms grid; preserved source and mapping provenance,UNAVAILABLE,UNAVAILABLE,original source text only; not independent conversational gold,lexical scoring supported; timing/activity approximate,False
S45_12_09,F12,Noise-only silence and paired speech-in-noise,Arise 5th floor low table,[],[],[],[],development,empty_control,True,False,0,0,45,715127,16000,1,PCM_16,PCM_24,canonical_20260909T071736_0228fe,2705,ea1240e6024d7e8bb30452671344861044e3295d9b6dc48cd97a14925e67170d,26bebffa4769620dc90e803c190c984ba0846df04ffa22695e9605c8484e6fa1,1.4125375446227544,1.0,1.0,LOCAL_FULL_AUDIT,estimated 20ms grid; preserved source and mapping provenance,UNAVAILABLE,UNAVAILABLE,original source text only; not independent conversational gold,empty: insertion/hallucination controls only; no WER denominator,False
S45_12_10,F12,Noise-only silence and paired speech-in-noise,Arise 5th floor low table,"[""HiFiTTS""]","[""other""]","[""HIFITTS_11614"", ""HIFITTS_11697""]","[""target_or_conversation""]",development,complete_nonoverlap,True,False,3,31,45,715127,16000,1,PCM_16,PCM_24,canonical_20260909T071736_0228fe,2705,287eaddf41cb7545f3433a2773b2d10829d879e0a0307325149bdbbf8c4b156b,a0ab4399ba37fac9806b7fb61517ca242edbdb38ac1c26b2f75b7a2a33d5e271,1.4125375446227544,1.0,1.0,LOCAL_FULL_AUDIT,estimated 20ms grid; preserved source and mapping provenance,UNAVAILABLE,UNAVAILABLE,original source text only; not independent conversational gold,lexical scoring supported; timing/activity approximate,False
S45_12_11,F12,Noise-only silence and paired speech-in-noise,Arise Kitchen Main Table,[],[],[],[],development,empty_control,True,False,0,0,45,715127,16000,1,PCM_16,PCM_24,canonical_20260909T071736_0228fe,2705,2697eb0e4c19a7e03d3c0c550e8b24210e3b9c7ca589b26238d41f6e362e900b,1c7888b5ec7f8cbfefac5482de3e082e887549277724ed77af50418d150d94b9,1.4125375446227544,1.0,1.0,LOCAL_FULL_AUDIT,estimated 20ms grid; preserved source and mapping provenance,UNAVAILABLE,UNAVAILABLE,original source text only; not independent conversational gold,empty: insertion/hallucination controls only; no WER denominator,False
S45_12_12,F12,Noise-only silence and paired speech-in-noise,Arise Kitchen Main Table,"[""Common Voice""]","[""self_reported_60plus_real_recording""]","[""CV_0ec4d6799c8c83a9a047"", ""CV_2abbf1ec09fa0aeb6d9b""]","[""target_or_conversation""]",development,complete_nonoverlap,True,False,3,38,45,715127,16000,1,PCM_16,PCM_24,canonical_20260909T091352_0dc2ea,2705,874db3e0d3bad8d77d1c480781cdba4a5b0840b220416a525729f0be20462aad,ed4c56f76facf59f97034066513d03ddc433d0d86c89011a4b0362b919d891b0,1.4125375446227544,1.0,1.0,LOCAL_FULL_AUDIT,estimated 20ms grid; preserved source and mapping provenance,UNAVAILABLE,UNAVAILABLE,original source text only; not independent conversational gold,lexical scoring supported; timing/activity approximate,False
S45_12_13,F12,Noise-only silence and paired speech-in-noise,Library Conference Room,[],[],[],[],development,empty_control,True,False,0,0,45,715127,16000,1,PCM_16,PCM_24,canonical_20260909T091352_0dc2ea,2706,2581f3b773929d30bf740eafb42aefdbc3e84c724357a8160afc3625c225d43a,5bd44d220b52f043ab5d7e23f8eb1f072766a5436b9bbd0fdd0ac8a6d5448813,1.4125375446227544,1.0,1.0,LOCAL_FULL_AUDIT,estimated 20ms grid; preserved source and mapping provenance,UNAVAILABLE,UNAVAILABLE,original source text only; not independent conversational gold,empty: insertion/hallucination controls only; no WER denominator,False
S45_12_14,F12,Noise-only silence and paired speech-in-noise,Library Conference Room,"[""CMU ARCTIC""]","[""studio_project_design""]","[""CMU_ARCTIC_ksp"", ""CMU_ARCTIC_ljm""]","[""target_or_conversation""]",development,complete_nonoverlap,True,False,3,35,45,715127,16000,1,PCM_16,PCM_24,canonical_20260909T091352_0dc2ea,2705,502df19d8010bff01eaa744cf0f7028c92d3f06e1034a0370352590de40b4f10,e52f6512b7ee7b77fd69746ee25ebc9455e6aeed55ffa5bdd339724a4c37325e,1.4125375446227544,1.0,1.0,LOCAL_FULL_AUDIT,estimated 20ms grid; preserved source and mapping provenance,UNAVAILABLE,UNAVAILABLE,original source text only; not independent conversational gold,lexical scoring supported; timing/activity approximate,False
S45_12_15,F12,Noise-only silence and paired speech-in-noise,Arise Floor 2 Kitchen,[],[],[],[],development,empty_control,True,False,0,0,45,715127,16000,1,PCM_16,PCM_24,canonical_20260909T044122_18b754,,2749912b017d5f016bcd244874c05b4bc3c5c5a9d30cbd3a9948a0905516ebec,2749912b017d5f016bcd244874c05b4bc3c5c5a9d30cbd3a9948a0905516ebec,1.4125375446227544,1.0,1.0,LOCAL_FULL_AUDIT,estimated 20ms grid; preserved source and mapping provenance,UNAVAILABLE,UNAVAILABLE,original source text only; not independent conversational gold,empty: insertion/hallucination controls only; no WER denominator,False
S45_12_16,F12,Noise-only silence and paired speech-in-noise,Arise Kitchen Main Table,[],[],[],[],downstream_reserve,empty_control,True,False,0,0,45,715127,16000,1,PCM_16,PCM_24,canonical_20260909T092513_e2c129,2705,55259c1aebe9817eb8329f521884d65d852aa3ab13420d62add9c978533d5f71,8fcbe7d909c139abe18357e8cbd36c0cc88ef258c1c2a575caaca5b3af6c8adc,1.4125375446227544,1.0,1.0,LOCAL_FULL_AUDIT,estimated 20ms grid; preserved source and mapping provenance,UNAVAILABLE,UNAVAILABLE,original source text only; not independent conversational gold,empty: insertion/hallucination controls only; no WER denominator,False
S45_12_17,F12,Noise-only silence and paired speech-in-noise,Arise Kitchen Main Table,"[""CMU ARCTIC""]","[""studio_project_design""]","[""CMU_ARCTIC_axb"", ""CMU_ARCTIC_rxr""]","[""target_or_conversation""]",downstream_reserve,complete_nonoverlap,True,False,3,31,45,715127,16000,1,PCM_16,PCM_24,canonical_20260909T092513_e2c129,2705,1f6b686ca5c003f55cbfc5591a40ff7eed094d5269f4598fdf11a8f5b5939e53,ab5651f4852e083be90078d93a7165036c24cffeba7d3a0204fbb31e9478b6fa,1.4125375446227544,1.0,1.0,LOCAL_FULL_AUDIT,estimated 20ms grid; preserved source and mapping provenance,UNAVAILABLE,UNAVAILABLE,original source text only; not independent conversational gold,lexical scoring supported; timing/activity approximate,False
S45_12_18,F12,Noise-only silence and paired speech-in-noise,Upper Loeb,[],[],[],[],development,empty_control,True,False,0,0,45,715127,16000,1,PCM_16,PCM_24,canonical_20260909T092513_e2c129,2705,c4522ecab80490c14385f63ada07dc679a9b3e001fb06b28340c431d1916851f,a09bc7edab0c1656b1e595fe5cb78e19c5f7587a9e906e7030f49550dc35f95c,1.4125375446227544,1.0,1.0,LOCAL_FULL_AUDIT,estimated 20ms grid; preserved source and mapping provenance,UNAVAILABLE,UNAVAILABLE,original source text only; not independent conversational gold,empty: insertion/hallucination controls only; no WER denominator,False
S45_12_19,F12,Noise-only silence and paired speech-in-noise,Upper Loeb,"[""HiFiTTS""]","[""other""]","[""HIFITTS_6670"", ""HIFITTS_6671""]","[""target_or_conversation""]",development,complete_nonoverlap,True,False,3,21,45,715127,16000,1,PCM_16,PCM_24,canonical_20260909T092513_e2c129,2705,8ee0cdbcaa6728f95c4ca79af3ba73b17531755aa300bc5216350e1038207b87,894d427e8733cc8866cbfbfa498d9725cdb56695d17352c0bb34a06aabf1b13e,1.4125375446227544,1.0,1.0,LOCAL_FULL_AUDIT,estimated 20ms grid; preserved source and mapping provenance,UNAVAILABLE,UNAVAILABLE,original source text only; not independent conversational gold,lexical scoring supported; timing/activity approximate,False
S45_12_20,F12,Noise-only silence and paired speech-in-noise,Upper Loeb,[],[],[],[],downstream_reserve,empty_control,True,False,0,0,45,715127,16000,1,PCM_16,PCM_24,canonical_20260909T092513_e2c129,2706,c96ee8c13087efaf5382627b6590c032d9196540d752de7bd81a2dae0786eeaf,b7e71ae15acb9c5d0982c861602b2e3bdb8c3feb2b592d28913026cec1603b45,1.4125375446227544,1.0,1.0,LOCAL_FULL_AUDIT,estimated 20ms grid; preserved source and mapping provenance,UNAVAILABLE,UNAVAILABLE,original source text only; not independent conversational gold,empty: insertion/hallucination controls only; no WER denominator,True
